employee_id,property_id,full_name,role_title,department,access_level,hire_date,status
E0001,P01,Darmana Mandala,General Manager,Corporate,manager,2022-04-28,active
E0002,P01,Lantar Anggraini,Housekeeping Staff,Housekeeping,staff,2015-12-21,active
E0003,P01,Among Iswahyudi,Maintenance Staff,Facility,staff,2020-03-15,active
E0004,P01,Daruna Mayasari,Front Office Staff,Revenue,staff,2021-03-19,active
E0005,P01,Cut Putri Napitupulu,Housekeeping Staff,Housekeeping,staff,2023-01-27,active
E0006,P01,Ikin Rahmawati,Spa & Event Staff,Spa&Event,staff,2023-01-27,active
E0007,P01,Yessi Ardianto,Housekeeping Staff,Housekeeping,staff,2024-12-23,active
E0008,P01,Eva Pratama,Revenue Manager,Revenue,manager,2023-05-07,active
E0009,P01,Gatot Situmorang,Revenue Manager,Revenue,manager,2018-06-20,resigned
E0010,P01,Cindy Puspasari,Maintenance Manager,Facility,manager,2025-08-17,active
E0011,P01,Yance Utami,F&B Staff,F&B,staff,2021-03-13,active
E0012,P01,Indah Hasanah,Front Office Staff,Revenue,staff,2020-06-01,active
E0013,P01,Kamila Pranowo,F&B Manager,F&B,manager,2023-06-12,active
E0014,P01,Humaira Uyainah,Finance Staff,Finance,staff,2015-07-03,active
E0015,P01,Hasna Haryanto,F&B Staff,F&B,staff,2025-04-05,active
E0016,P01,Vino Purnawati,Maintenance Staff,Facility,staff,2019-01-11,active
E0017,P01,Syahrini Haryanti,Front Office Staff,Revenue,staff,2022-11-25,active
E0018,P01,Eman Mandala,Maintenance Staff,Facility,staff,2022-12-29,active
E0019,P01,Panca Purwanti,Housekeeping Staff,Housekeeping,staff,2022-12-27,active
E0020,P01,Restu Wacana,Front Office Staff,Revenue,staff,2022-08-03,active
E0021,P01,Gawati Mandala,,Spa&Event,staff,2024-12-28,active
E0022,P01,Kezia Riyanti,,F&B,staff,2021-08-20,active
E0023,P01,Paris Ramadan,Maintenance Staff,Facility,staff,2022-01-30,active
E0024,P01,Endah Hasanah,Finance Staff,Finance,staff,2022-08-20,active
E0025,P01,Xanana Saptono,Maintenance Manager,Facility,manager,2025-04-24,active
E0026,P01,Tedi Utami,F&B Manager,F&B,manager,2021-02-16,active
E0027,P01,Zaenab Uyainah,Front Office Staff,Revenue,staff,2023-02-13,active
E0028,P01,Vanesa Marpaung,Front Office Staff,Revenue,staff,2022-08-19,active
E0029,P01,Liman Sinaga,Front Office Staff,Revenue,staff,2024-08-15,active
E0030,P01,Anita Kusumo,Spa & Event Staff,Spa&Event,staff,2026-01-10,active
E0031,P01,Yance Samosir,F&B Staff,F&B,staff,2022-05-10,resigned
E0032,P01,Asmianto Permadi,Housekeeping Staff,Housekeeping,staff,2021-12-21,active
E0033,P01,Puti Chelsea Laksita,F&B Staff,F&B,staff,2019-08-26,active
E0034,P01,Maryanto Kusmawati,Housekeeping Staff,Housekeeping,staff,2022-12-09,active
E0035,P01,Salsabila Yulianti,F&B Staff,F&B,staff,2023-10-19,active
E0036,P01,Maida Maryati,Housekeeping Staff,Housekeeping,staff,2021-09-09,active
E0037,P01,Devi Prayoga,Housekeeping Staff,Housekeeping,staff,02/04/2021,active
E0038,P01,Atma Sirait,Maintenance Staff,Facility,staff,2024-01-17,active
E0039,P01,Lanjar Puspasari,Finance Manager,Finance,manager,2024-10-27,active
E0040,P01,Lanjar Prasetya,Housekeeping Staff,HOUSEKEEPING,staff,2023-05-18,active
E0041,P01,Bagus Usamah,F&B Staff,F&B,staff,2021-02-26,active
E0042,P01,Dartono Hidayat,Maintenance Staff,Facility,staff,2023-01-11,active
E0043,P01,Satya Sitompul,Maintenance Staff,Facility,staff,2023-04-30,resigned
E0044,P01,Kamidin Prakasa,Maintenance Staff,Facility,staff,2016-01-23,active
E0045,P01,Salsabila Laksita,Housekeeping Staff,Housekeeping,staff,2025-10-04,active
E0046,P01,Kayun Mustofa,Housekeeping Staff,Housekeeping,staff,2015-07-03,active
E0047,P01,Purwanto Kusmawati,Revenue Manager,Revenue,manager,2019-05-14,active
E0048,P01,Nadia Habibi,F&B Staff,F&B,staff,2022-08-03,active
E0049,P01,Hadi Sirait,Housekeeping Staff,Housekeeping,staff,2024-01-21,active
E0050,P01,Estiawan Hariyah,F&B Manager,F&B,manager,2024-11-12,terminated
E0051,P01,Taufan Hutagalung,F&B Manager,F&B,manager,2023-03-29,active
E0052,P01,Yani Pudjiastuti,Revenue Manager,Revenue,manager,2020-08-12,active
E0053,P01,Asirwanda Yulianti,Maintenance Staff,Facility,staff,17/01/2022,active
E0054,P01,Hasim Laksita,F&B Staff,F&B,staff,2026-05-01,active
E0055,P01,Gabriella Wacana,Finance Staff,Finance,staff,2023-03-04,resigned
E0056,P01,Catur Wibowo,Maintenance Staff,Facility,staff,2021-10-14,active
E0057,P01,Harsaya Saptono,Housekeeping Manager,Housekeeping,manager,2023-05-30,resigned
E0058,P01,Dadap Sihombing,Housekeeping Staff,Housekeeping,staff,2017-06-30,active
E0059,P01,Asmianto Prastuti,Maintenance Manager,Facility,manager,2022-09-30,active
E0060,P01,Asirwanda Padmasari,HR Manager,HR,manager,2020-10-12,active
E0061,P01,Olivia Nuraini,Maintenance Manager,Facility,manager,2024-06-27,resigned
E0062,P01,Asmianto Melani,HR Staff,HR,staff,2022-07-24,active
E0063,P01,Soleh Nashiruddin,Housekeeping Staff,Housekeeping,staff,2021-08-29,active
E0064,P01,Legawa Hidayat,Housekeeping Manager,Housekeeping ,manager,2021-07-08,active
E0065,P01,Wardaya Purnawati,Housekeeping Staff,Housekeeping,staff,2022-12-26,resigned
E0066,P01,Labuh Riyanti,Front Office Staff,Revenue,staff,2025-05-09,terminated
E0067,P01,Lukman Hutapea,Revenue Manager,Revenue,manager,2015-07-03,active
E0068,P01,Sakura Padmasari,HR Staff,HR,staff,2024-02-22,active
E0069,P01,Mulyono Sihotang,F&B Staff,F&B,staff,2019-10-07,active
E0070,P01,Eman Widodo,Spa & Event Staff,Spa&Event,staff,2016-06-25,resigned
E0071,P01,Mumpuni Yuliarti,Front Office Staff,Revenue,staff,2017-11-12,active
E0072,P01,Michelle Sihotang,Spa & Event Staff,Spa&Event,staff,2021-03-21,active
E0073,P01,Puti Belinda Nasyiah,Spa & Event Staff,Spa&Event,staff,2017-02-14,active
E0074,P01,Jono Saptono,F&B Staff,F&B,staff,2023-04-07,active
E0075,P01,Wardi Tampubolon,Front Office Staff,Revenue,staff,2022-12-13,active
E0076,P01,Tasnim Prasasta,HR Manager,HR,manager,2023-05-19,active
E0077,P01,Intan Manullang,Spa & Event Staff,Spa&Event,staff,2022-07-06,active
E0078,P01,  Zahra Palastri,F&B Staff,F&B,staff,2022-04-07,active
E0079,P01,Mulyanto Puspasari,Front Office Staff,Revenue,staff,2022-09-14,active
E0080,P01,Salimah Jailani  ,Spa & Event Staff,Spa&Event,staff,2019-01-31,active
E0081,P01,Eman Latupono,Maintenance Manager,Facility,manager,2025-11-17,active
E0082,P01,Paiman Puspasari,Spa & Event Staff,Spa&Event,staff,2022-05-24,active
E0083,P01,Empluk Suryono,Housekeeping Staff,Housekeeping,staff,2022-09-02,active
E0084,P01,Mahfud Usada,HR Staff,HR,staff,2021-07-16,active
E0085,P01,Dian Gunarto,Maintenance Staff,Facility,staff,2023-02-12,active
E0086,P01,Karimah Gunarto,HR Staff,HR,staff,2019-06-12,active
E0087,P01,Fathonah Zulaika,Housekeeping Staff,Housekeeping,staff,2023-04-21,active
E0088,P01,Mulyanto Jailani,Maintenance Staff,Facility,staff,2015-07-03,active
E0089,P01,Victoria Purwanti,Housekeeping Staff,Housekeeping,staff,2019-10-19,terminated
E0090,P01,Cemani Sitorus,Maintenance Staff,Facility,staff,2022-12-10,active
E0091,P01,Endah Kurniawan,F&B Staff,F&B,staff,2023-06-25,active
E0092,P01,Ani Halimah,Maintenance Staff,Facility,staff,2019-04-09,active
E0093,P01,Daliono Haryanti,Housekeeping Staff,Housekeeping,staff,2020-06-05,active
E0094,P01,Ina Pradana,Spa & Event Staff,Spa&Event,staff,2020-03-25,active
E0095,P01,Ajiono Wahyuni,Front Office Staff,Revenue,staff,2019-10-22,resigned
E0096,P01,Heru Sitompul,Maintenance Staff,Facility,staff,2023-04-21,active
E0097,P01,Zelaya Hidayat,F&B Manager,F&B,manager,2022-05-21,active
E0098,P01,Shania Nasyiah,Finance Staff,Finance,staff,2023-03-10,active
E0099,P01,Ana Latupono,Housekeeping Staff,Housekeeping,staff,2023-09-21,active
E0100,P01,Elma Prastuti,Housekeeping Staff,Housekeeping,staff,2018-07-11,active
E0101,P01,Ani Kurniawan,Front Office Staff,Revenue,staff,2021-01-20,active
E0102,P01,Rachel Melani,Front Office Staff,Revenue,staff,2022-06-29,active
E0103,P01,Harsana Permata,Housekeeping Staff,Housekeeping,staff,02/05/2023,active
E0104,P01,Dodo Gunawan,F&B Staff,F&B,staff,2022-07-25,active
E0105,P01,Mala Hidayat,,Housekeeping,staff,2024-03-04,active
E0106,P01,Salimah Maheswara,Housekeeping Staff,Housekeeping,staff,2022-07-06,active
E0107,P01,Imam Widiastuti,Housekeeping Staff,Housekeeping,staff,2020-03-23,active
E0108,P01,Shania Natsir,Maintenance Staff,Facility,staff,2020-12-16,active
E0109,P01,Irfan Prastuti,Spa & Event Staff,Spa&Event,staff,2026-03-17,active
E0110,P01,Maimunah Wulandari,Front Office Staff,Revenue,staff,2018-01-15,active
E0111,P01,Kajen Kusmawati,F&B Staff,F&B,staff,2021-11-24,active
E0112,P01,Oliva Wijayanti,F&B Staff,F&B,staff,2023-03-06,active
E0113,P01,Jaswadi Suryatmi,F&B Staff,F&B,staff,2023-07-21,active
E0114,P01,Nasim Winarno,Housekeeping Staff,Housekeeping,staff,2020-05-16,active
E0115,P01,Lalita Prasasta,Spa & Event Staff,Spa&Event,staff,2019-12-02,active
E0116,P01,Marwata Ardianto,Housekeeping Staff,Housekeeping,staff,2021-06-08,active
E0117,P01,Cecep Maryati,Maintenance Staff,Facility,staff,2019-10-24,active
E0118,P01,Alika Puspita,Housekeeping Staff,Housekeeping,staff,2021-10-17,active
E0119,P01,Vero Maheswara,Spa & Event Staff,Spa&Event,staff,2021-08-24,active
E0120,P01,Diana Hariyah,HR Staff,HR,staff,2024-08-01,active
E0121,P01,Usyi Handayani,F&B Staff,F&B,staff,2022-02-06,resigned
E0122,P01,Endah Kusmawati,Housekeeping Manager,Housekeeping,manager,2023-06-07,active
E0123,P01,Hana Prayoga,F&B Staff,F&B,staff,2023-03-18,active
E0124,P01,Nasab Suwarno,F&B Staff,F&B,staff,2023-06-01,active
E0125,P01,Empluk Sitorus,Housekeeping Staff,Housekeeping,staff,2020-12-19,active
E0126,P01,Puput Hutapea,Housekeeping Staff,Housekeeping,staff,2022-07-21,active
E0127,P01,Cakrawangsa Pradipta,Front Office Staff,Revenue,staff,2021-09-20,active
E0128,P01,Talia Mangunsong,F&B Staff,F&B,staff,2017-07-17,active
E0129,P01,Julia Namaga,Housekeeping Staff,Housekeeping,staff,2022-10-12,active
E0130,P01,Lidya Halim,Housekeeping Staff,Housekeeping,staff,2022-03-05,active
E0131,P01,Rafi Andriani,Housekeeping Staff,Housekeeping,staff,2019-12-22,active
E0132,P01,Vera Padmasari,Maintenance Staff,Facility,staff,2022-11-05,active
E0133,P01,Agnes Thamrin,F&B Staff,F&B,staff,2023-04-18,active
E0134,P01,Umi Wibisono,Housekeeping Staff,Housekeeping,staff,2022-08-22,active
E0135,P01,Jinawi Prasetya,F&B Staff,F&B,staff,2023-01-21,active
E0136,P01,Maya Laksita,Front Office Staff,Revenue,staff,2016-11-09,active
E0137,P01,Harsaya Sirait,F&B Staff,F&B,staff,2019-05-15,active
E0138,P01,Umaya Wijaya,Revenue Manager,Revenue,manager,2025-01-02,active
E0139,P01,Margana Aryani,Housekeeping Staff,Housekeeping,staff,2020-12-26,active
E0140,P01,Sakti Hariyah,F&B Staff,F&B,staff,2026-02-17,active
E0141,P01,Asirwanda Rajata,Spa & Event Manager,Spa&Event,manager,2018-05-14,active
E0142,P01,Jane Prabowo,Maintenance Staff,Facility,staff,2019-06-05,active
E0143,P01,Jane Sirait,F&B Manager,F&B,manager,2022-12-24,active
E0144,P01,Wawan Tampubolon,Spa & Event Staff,Spa&Event,staff,2017-12-01,active
E0145,P01,Martaka Hidayat,HR Staff,HR,staff,2021-07-23,active
E0146,P01,Salman Damanik,Maintenance Staff,Facility,staff,2019-05-18,active
E0147,P01,Salsabila Latupono,Front Office Staff,Revenue ,staff,2017-11-01,active
E0148,P01,Cici Prastuti,Housekeeping Manager,Housekeeping,manager,2026-01-31,active
E0149,P01,Wisnu Saragih,Housekeeping Manager,Housekeeping,manager,2022-07-16,active
E0150,P01,  Mursinin Sihombing,F&B Staff,F&B,staff,16/03/2023,active
E0151,P01,Elma Nurdiyanti,Front Office Staff,Revenue,staff,06/11/2022,active
E0152,P01,Janet Prasasta,Maintenance Staff,Facility,staff,2022-02-07,resigned
E0153,P01,Ana Lailasari,Revenue Manager,Revenue ,manager,2019-03-28,active
E0154,P01,Wirda Rajata,F&B Staff,F&B,staff,2018-07-26,active
E0155,P01,Indah Riyanti,Housekeeping Staff,Housekeeping,staff,2023-06-24,active
E0156,P01,Sutan Bakiadi Permadi,Housekeeping Staff,Housekeeping,staff,2021-09-16,active
E0157,P01,Widya Budiyanto,Spa & Event Staff,Spa&Event,staff,2026-04-10,active
E0158,P01,Emil Prasetya,Maintenance Staff,Facility,staff,2022-02-22,terminated
E0159,P01,Talia Prasasta,Spa & Event Staff,Spa&Event,staff,2022-11-13,active
E0160,P01,Salimah Prastuti,Maintenance Staff,Facility,staff,2023-03-06,active
E0161,P01,Nabila Puspasari,Maintenance Manager,Facility,manager,2022-06-19,active
E0162,P01,Kamila Hasanah,HR Manager,HR,manager,2016-05-03,active
E0163,P01,Ina Ramadan,,Facility,manager,2022-07-09,active
E0164,P01,Banawa Nababan,Revenue Manager,Revenue,manager,2021-09-01,active
E0165,P01,Devi Nasyiah,Housekeeping Staff,Housekeeping,staff,2020-06-17,resigned
E0166,P02,Gada Budiman,General Manager,Corporate,manager,2022-05-14,active
E0167,P02,Asmadi Puspasari,Housekeeping Staff,Housekeeping,staff,2015-07-03,active
E0168,P02,Tami Mahendra,F&B Staff,F&B,staff,2015-07-03,active
E0169,P02,Maida Siregar,Spa & Event Manager,Spa&Event,manager,2022-10-09,active
E0170,P02,Aslijan Ramadan,Housekeeping Manager,Housekeeping,manager,2025-03-04,active
E0171,P02,Belinda Permata,F&B Staff,F&B,staff,2021-10-11,active
E0172,P02,Rosman Pratiwi,Housekeeping Staff,Housekeeping,staff,2022-08-08,active
E0173,P02,Chelsea Prayoga,Maintenance Staff,Facility,staff,2022-08-28,active
E0174,P02,Kalim Agustina,Spa & Event Staff,Spa&Event,staff,2023-05-27,active
E0175,P02,Prayoga Nurdiyanti,F&B Staff,F&B,staff,22/02/2021,active
E0176,P02,Mila Handayani,Front Office Staff,Revenue,staff,2021-10-01,active
E0177,P02,Zelda Rahmawati,Revenue Manager,Revenue,manager,2023-05-13,active
E0178,P02,Ina Purnawati,Front Office Staff,Revenue,staff,2022-09-05,active
E0179,P02,Cut Rahmi Januar,Housekeeping Staff,Housekeeping,staff,2017-07-10,active
E0180,P02,Kusuma Hutagalung,Maintenance Staff,Facility,staff,2022-10-23,active
E0181,P02,  Ade Wasita,Finance Staff,Finance,staff,2023-02-08,active
E0182,P02,Shakila Riyanti,Housekeeping Manager,Housekeeping,manager,2025-09-21,active
E0183,P02,Icha Firmansyah,F&B Staff,F&B,staff,2021-10-25,active
E0184,P02,Edward Suryono,,Spa&Event,staff,2015-07-03,active
E0185,P02,Kenari Prasetyo,Housekeeping Staff,Housekeeping,staff,2022-10-20,active
E0186,P02,Asmuni Marbun,Maintenance Staff,Facility,staff,2020-09-15,active
E0187,P02,Dewi Hastuti,F&B Staff,F&B,staff,2019-11-29,active
E0188,P02,Liman Gunarto,F&B Staff,F&B,staff,2024-04-03,active
E0189,P02,Unjani Sinaga,Maintenance Staff,Facility,staff,2022-10-26,active
E0190,P02,Yono Wulandari,Maintenance Staff,Facility,staff,2025-10-13,active
E0191,P02,Cut Vanesa Natsir,Spa & Event Staff,Spa&Event,staff,2020-03-28,active
E0192,P02,Padma Yulianti,Maintenance Staff,Facility,staff,2025-07-04,active
E0193,P02,Indah Najmudin,Maintenance Manager,Facility,manager,2024-01-04,active
E0194,P02,Jarwadi Tampubolon,Front Office Staff,Revenue,staff,2022-05-08,active
E0195,P02,Juli Sinaga,Front Office Staff,Revenue,staff,2020-12-29,active
E0196,P02,Talia Lailasari,Maintenance Staff,Facility,staff,2020-12-26,terminated
E0197,P02,Salimah Wacana,Maintenance Staff,Facility,staff,2021-07-30,active
E0198,P02,Hafshah Sinaga  ,Housekeeping Staff,Housekeeping,staff,2023-04-05,resigned
E0199,P02,Prasetyo Waskita,Spa & Event Staff,Spa&Event,staff,2018-12-27,active
E0200,P02,Laras Habibi,Front Office Staff,Revenue,staff,2022-07-12,resigned
E0201,P02,Karja Tarihoran,Spa & Event Staff,Spa&Event,staff,2022-12-24,active
E0202,P02,Wira Suwarno,Finance Staff,Finance,staff,2023-05-23,active
E0203,P02,Tami Laksita,Maintenance Staff,Facility,staff,2021-04-05,active
E0204,P02,Alambana Usamah,,Revenue,staff,2020-08-31,active
E0205,P02,Puspa Budiman,Front Office Staff,Revenue,staff,2023-06-15,active
E0206,P02,Tina Siregar,Maintenance Staff,Facility,staff,2025-11-27,active
E0207,P02,Viktor Sinaga,F&B Staff,F&B,staff,2021-09-13,active
E0208,P02,Gina Zulkarnain,Spa & Event Staff,Spa&Event,staff,2022-11-08,terminated
E0209,P02,Galiono Kusmawati,F&B Staff,F&B,staff,2020-11-26,terminated
E0210,P02,Ani Mahendra,F&B Staff,F&B,staff,2023-01-07,active
E0211,P02,Najam Megantara,Maintenance Staff,Facility,staff,2025-03-31,active
E0212,P02,Safina Mangunsong,Housekeeping Staff,Housekeeping,staff,2020-07-23,active
E0213,P02,Jarwadi Saptono,F&B Staff,F&B,staff,2022-04-10,active
E0214,P02,Sarah Widodo,Maintenance Staff,Facility,staff,2016-08-05,terminated
E0215,P02,Jamalia Utami,Spa & Event Staff,Spa&Event,staff,2023-02-15,active
E0216,P02,Lasmanto Hidayat,F&B Staff,F&B,staff,2022-06-15,resigned
E0217,P02,Laswi Suwarno,Housekeeping Staff,Housekeeping,staff,2023-03-13,resigned
E0218,P02,Pangeran Iswahyudi,HR Staff,HR,staff,2017-01-11,active
E0219,P02,Cinthia Usada,Front Office Staff,Revenue,staff,2018-04-01,active
E0220,P02,Wulan Hakim,F&B Staff,F&B,staff,2022-10-01,active
E0221,P02,Kani Wahyudin,F&B Staff,F&B,staff,2020-10-18,resigned
E0222,P02,Dalima Prasasta,Housekeeping Staff,Housekeeping,staff,2024-04-07,active
E0223,P02,Jamal Padmasari,Housekeeping Staff,Housekeeping,staff,2019-04-01,active
E0224,P02,Daru Hariyah,Housekeeping Staff,Housekeeping,staff,2021-06-21,active
E0225,P02,Jelita Rahmawati,Spa & Event Staff,Spa&Event,staff,2021-08-11,active
E0226,P02,Suci Anggraini,F&B Staff,F&B,staff,2022-10-21,active
E0227,P02,Harjo Laksmiwati,Maintenance Staff,Facility,staff,2026-01-28,active
E0228,P02,Dasa Wibowo,Housekeeping Staff,Housekeeping,staff,2023-04-02,active
E0229,P02,Ajeng Pratiwi,F&B Staff,F&B,staff,2017-10-22,active
E0230,P02,Lukman Ramadan,Front Office Staff,Revenue,staff,2017-09-23,active
E0231,P02,Winda Farida,Spa & Event Staff,Spa&Event,staff,2020-12-27,active
E0232,P02,Labuh Utama,Housekeeping Staff,Housekeeping,staff,2022-06-17,resigned
E0233,P02,Ulva Agustina,F&B Staff,F&B,staff,2022-06-03,active
E0234,P02,Daliono Mustofa,Revenue Manager,Revenue,manager,2020-04-04,active
E0235,P02,Yunita Laksmiwati,F&B Staff,F&B,staff,2017-10-23,active
E0236,P02,Citra Megantara,F&B Staff,F&B,staff,2018-01-16,active
E0237,P02,Eman Nasyiah,F&B Staff,F&B,staff,2024-01-01,active
E0238,P02,Jaeman Uwais,F&B Staff,F&B,staff,2019-09-17,active
E0239,P02,Cici Wulandari,Finance Staff,Finance,staff,2020-12-04,active
E0240,P02,Jarwi Dongoran,,Housekeeping,staff,2025-06-03,resigned
E0241,P02,Marsudi Haryanto,Housekeeping Staff,Housekeeping,staff,2023-04-11,resigned
E0242,P02,Warsita Firgantoro,,F&B,staff,2023-01-21,active
E0243,P02,  Nilam Latupono,F&B Staff,F&B,staff,2017-10-10,active
E0244,P02,Daryani Nasyiah,Maintenance Manager,Facility,manager,2021-03-01,resigned
E0245,P02,Harsanto Hasanah,F&B Manager,F&B,manager,2023-06-22,active
E0246,P02,Salsabila Namaga,Maintenance Staff,Facility,staff,2023-03-25,active
E0247,P02,Rini Mangunsong,Spa & Event Staff,Spa&Event,staff,2020-10-09,active
E0248,P02,Safina Januar,Front Office Staff,REVENUE,staff,2023-06-26,active
E0249,P02,Muhammad Uwais,Housekeeping Manager,Housekeeping,manager,2023-01-21,resigned
E0250,P02,Ibun Handayani,HR Staff,HR,staff,2021-07-04,active
E0251,P02,Sabar Tarihoran,Spa & Event Manager,Spa&Event,manager,2020-07-20,active
E0252,P02,Mahfud Uwais,Housekeeping Staff,Housekeeping,staff,2020-11-09,active
E0253,P02,Ika Nainggolan,Housekeeping Staff,Housekeeping,staff,2022-11-11,active
E0254,P02,Warta Hasanah,HR Staff,HR,staff,2020-05-19,active
E0255,P02,Mujur Prabowo,HR Manager,HR,manager,2022-10-26,active
E0256,P02,Panji Sitorus,F&B Staff,F&B,staff,2022-07-06,active
E0257,P02,Budi Pratiwi,Housekeeping Staff,Housekeeping,staff,2020-01-24,resigned
E0258,P02,Bagiya Puspasari,Front Office Staff,Revenue,staff,2024-03-12,active
E0259,P02,Langgeng Pratama,F&B Manager,F&B,manager,2020-11-15,active
E0260,P02,Enteng Maulana,Housekeeping Staff,Housekeeping,staff,2018-10-07,resigned
E0261,P02,Kayun Ramadan,F&B Staff,F&B,staff,2020-10-25,resigned
E0262,P02,Aditya Tamba,HR Staff,HR,staff,2021-05-24,active
E0263,P02,Cayadi Saptono,Housekeeping Staff,Housekeeping,staff,2023-04-02,resigned
E0264,P02,Budi Andriani,Housekeeping Manager,Housekeeping,manager,2022-05-08,active
E0265,P02,Melinda Tarihoran,Housekeeping Staff,Housekeeping,staff,2022-09-22,active
E0266,P02,Sutan Warsita Susanti,Housekeeping Staff,Housekeeping,staff,2022-10-18,active
E0267,P02,Ozy Wahyuni,Front Office Staff,Revenue,staff,2015-07-03,active
E0268,P02,Aswani Kuswandari,Front Office Staff,Revenue,staff,2022-03-31,active
E0269,P02,Rachel Maulana,Maintenance Staff,Facility,staff,2017-12-06,terminated
E0270,P02,Budi Saefullah,Revenue Manager,Revenue,manager,2021-01-01,active
E0271,P02,Mila Pradana,F&B Staff,F&B,staff,2019-07-15,active
E0272,P02,Jessica Hasanah,F&B Staff,F&B,staff,2021-10-01,resigned
E0273,P02,Lidya Kuswoyo,Maintenance Staff,Facility,staff,2021-05-06,active
E0274,P02,Maria Sihotang,Maintenance Staff,Facility,staff,2021-10-19,active
E0275,P02,Radika Hutasoit,F&B Staff,F&B,staff,2022-12-14,active
E0276,P02,Ian Kuswoyo,Housekeeping Staff,Housekeeping,staff,2020-04-16,resigned
E0277,P02,Kamila Widiastuti,Housekeeping Staff,Housekeeping,staff,2025-12-17,active
E0278,P02,Zulfa Puspita,Maintenance Staff,Facility,staff,2022-09-03,active
E0279,P02,Calista Setiawan,Finance Staff,Finance,staff,2023-06-08,active
E0280,P02,Cemeti Saputra,Front Office Staff,Revenue,staff,2020-11-26,active
E0281,P02,Agnes Najmudin,Front Office Staff,Revenue,staff,2023-01-04,terminated
E0282,P02,Caket Usada,Front Office Staff,Revenue,staff,2016-06-10,resigned
E0283,P02,Bakijan Nuraini,F&B Staff,F&B,staff,2015-10-20,resigned
E0284,P02,Harimurti Andriani,F&B Staff,F&B,staff,2017-05-03,active
E0285,P02,Jasmin Manullang,Maintenance Staff,Facility,staff,2022-05-04,active
E0286,P02,Ira Simbolon,F&B Staff,F&B,staff,2023-06-16,active
E0287,P02,Candrakanta Safitri,F&B Manager,F&B,manager,2016-11-27,active
E0288,P02,Mursita Hutapea,Maintenance Staff,Facility,staff,2022-02-05,active
E0289,P02,Maimunah  Wijayanti,Front Office Staff,Revenue,staff,2024-08-13,active
E0290,P02,Nova Sudiati,,F&B,manager,2015-07-03,active
E0291,P02,Lidya Saputra,Finance Staff,Finance,staff,2015-07-03,active
E0292,P02,Perkasa Mulyani,Maintenance Manager,Facility,manager,14/09/2018,active
E0293,P02,Gangsar Astuti,HR Staff,HR,staff,2022-08-16,active
E0294,P02,Edi Wastuti,HR Staff,HR,staff,2022-04-12,active
E0295,P02,Rahayu Hakim,Front Office Staff,Revenue,staff,2018-09-25,active
E0296,P02,Damu Sihombing,Spa & Event Staff,Spa&Event,staff,2022-07-17,terminated
E0297,P02,Pranata Mandala,Housekeeping Staff,Housekeeping,staff,2023-01-12,active
E0298,P02,Jamal Astuti,Front Office Staff,Revenue,staff,2021-06-17,active
E0299,P02,Cager Wibowo,Maintenance Staff,facility,staff,2016-08-13,active
E0300,P02,Hasta Gunarto,Maintenance Staff,Facility,staff,2026-05-28,active
E0301,P02,Anita Haryanti,F&B Staff,F&B,staff,2020-07-08,active
E0302,P02,Setya Sihotang,Front Office Staff,Revenue,staff,2021-05-21,active
E0303,P02,Halim Damanik,Spa & Event Staff,Spa&Event,staff,2023-03-29,active
E0304,P02,Ella Safitri,Finance Staff,Finance,staff,2021-02-09,active
E0305,P02,Yance Tarihoran,Spa & Event Staff,Spa&Event,staff,2015-07-03,active
E0306,P02,Ibrani Kurniawan,Front Office Staff,Revenue,staff,2026-03-16,active
E0307,P02,Ibrani Rahmawati,F&B Staff,F&B,staff,2023-02-13,active
E0308,P02,Paramita Hutapea,F&B Staff,F&B,staff,2021-09-01,active
E0309,P02,Ira Sirait,Maintenance Staff,Facility,staff,2018-04-01,active
E0310,P02,Ganda Narpati,Housekeeping Staff,Housekeeping,staff,2020-02-14,resigned
E0311,P02,Kajen Usada,F&B Staff,F&B,staff,2020-07-05,resigned
E0312,P02,Karta Melani,Spa & Event Staff,Spa&Event,staff,2020-06-19,active
E0313,P02,Utama Tampubolon,Maintenance Staff,Facility,staff,2022-05-20,active
E0314,P02,Titi Yuliarti,Housekeeping Staff,Housekeeping,staff,2022-08-17,active
E0315,P02,Faizah Natsir,Finance Staff,Finance,staff,2019-05-09,active
E0316,P02,Cecep Utami,Housekeeping Staff,Housekeeping,staff,2019-05-05,resigned
E0317,P02,Malika Pratiwi,Housekeeping Staff,Housekeeping,staff,2018-06-14,active
E0318,P02,Jarwadi Handayani,F&B Manager,F&B,manager,2017-05-20,active
E0319,P02,Garan Mayasari,F&B Staff,F&B,staff,2021-09-15,active
E0320,P02,Galak Hariyah,Housekeeping Staff,Housekeeping,staff,2021-10-03,resigned
E0321,P02,Ani Hakim,Front Office Staff,Revenue,staff,2024-04-12,active
E0322,P02,Yance Suwarno,Housekeeping Manager,Housekeeping,manager,2019-06-30,active
E0323,P02,Mariadi Iswahyudi,Finance Staff,Finance,staff,2020-11-14,active
E0324,P02,Ratna Puspasari,F&B Staff,F&B ,staff,2025-03-22,active
E0325,P02,Ihsan Jailani,Spa & Event Staff,Spa&Event,staff,2020-06-20,active
E0326,P02,Intan  Wibisono,HR Staff,HR,staff,2019-07-11,active
E0327,P02,Vicky Sirait,Front Office Staff,Revenue,staff,2024-04-28,active
E0328,P02,Gambira Kuswoyo,Front Office Staff,Revenue,staff,2017-12-23,active
E0329,P02,Tari Wahyuni,F&B Staff,F&B,staff,2022-06-19,active
E0330,P02,Safina Wijayanti,Finance Staff,Finance,staff,2022-04-26,active
E0331,P02,Diah Riyanti,Maintenance Staff,Facility,staff,2023-04-01,active
E0332,P02,Syahrini Sitompul,Front Office Staff,Revenue,staff,2021-05-03,active
E0333,P02,Anita Tarihoran,Finance Staff,Finance,staff,2023-05-28,active
E0334,P02,Elvina Prabowo,F&B Manager,F&B,manager,2025-02-11,active
E0335,P02,Vivi Laksita,F&B Staff,F&B,staff,2021-12-05,active
E0336,P02,Darmanto Mandala,F&B Staff,F&B,staff,2021-07-16,active
E0337,P02,Bahuwarna Sihombing,F&B Staff,F&B,staff,2022-08-26,active
E0338,P02,Mitra Sirait,Housekeeping Manager,Housekeeping,manager,2021-04-06,active
E0339,P02,Carub Najmudin,Finance Staff,Finance,staff,2023-06-02,active
E0340,P02,Hendra Utama,Spa & Event Staff,Spa&Event,staff,27/05/2023,active
E0341,P02,Kasusra Permadi,Housekeeping Staff,HOUSEKEEPING,staff,2019-03-04,active
E0342,P02,Yessi Halimah,Housekeeping Manager,Housekeeping,manager,2024-05-19,active
E0343,P02,Malika Suryono,Maintenance Staff,Facility,staff,2022-05-19,active
E0344,P02,Rendy Pangestu,Revenue Manager,Revenue,manager,2023-02-26,active
E0345,P02,Narji Maryati,Spa & Event Manager,Spa&Event,manager,2024-06-23,active
E0346,P02,Mila Mulyani,Maintenance Staff,Facility,staff,2026-04-10,active
E0347,P02,Radika Fujiati,Maintenance Staff,Facility,staff,2021-08-25,active
E0348,P02,Warsita Prasetya,Maintenance Staff,Facility,staff,2019-10-28,active
E0349,P02,Harto Mardhiyah,Maintenance Staff,Facility,staff,2022-11-21,active
E0350,P02,Gilda Winarno,F&B Staff,F&B,staff,2021-01-21,resigned
E0351,P02,Hardi Prasetyo,Front Office Staff,Revenue,staff,2023-04-10,active
E0352,P02,Galuh Januar,Finance Staff,Finance,staff,2023-05-13,active
E0353,P02,Edison Halimah,Housekeeping Staff,Housekeeping,staff,2021-08-07,active
E0354,P02,Raisa Ardianto,HR Manager,HR,manager,2021-07-20,resigned
E0355,P02,  Ajiman Rajasa,Housekeeping Staff,Housekeeping,staff,2020-12-16,active
E0356,P02,Rafid Maryadi,Maintenance Manager,Facility,manager,2020-04-04,active
E0357,P02,Carla Suwarno,Maintenance Staff,Facility,staff,2015-07-03,active
E0358,P02,Gada Maheswara,F&B Manager,F&B,manager,2021-09-05,active
E0359,P02,Digdaya Andriani,HR Staff,HR,staff,2024-11-18,active
E0360,P02,Balapati Mandasari,HR Staff,HR,staff,2022-07-09,active
E0361,P02,Maria Adriansyah,Housekeeping Staff,Housekeeping,staff,2024-08-18,resigned
E0362,P02,Fitria Widiastuti,F&B Staff,F&B,staff,2019-07-14,active
E0363,P02,Xanana Novitasari,F&B Staff,F&B,staff,2022-09-15,active
E0364,P02,Makara Wibisono,Front Office Staff,Revenue,staff,2022-01-19,active
E0365,P02,Hafshah Budiyanto,Housekeeping Staff,Housekeeping,staff,2023-04-17,active
E0366,P02,Winda Hidayat,Front Office Staff,Revenue,staff,2026-02-21,active
E0367,P02,Halima Wahyuni,HR Staff,HR,staff,2025-11-07,active
E0368,P02,Artawan Thamrin,F&B Manager,F&B,manager,2023-06-07,active
E0369,P02,Radika Hariyah,Maintenance Staff,facility,staff,2024-02-28,active
E0370,P02,Farah Gunawan,Front Office Staff,Revenue,staff,2015-07-03,resigned
E0371,P02,Oliva Widodo,Spa & Event Staff,Spa&Event,staff,2018-12-23,active
E0372,P02,Dewi Uwais,Housekeeping Staff,Housekeeping,staff,2024-02-17,active
E0373,P02,Lalita Farida,Revenue Manager,Revenue ,manager,2024-11-04,active
E0374,P02,Jessica Nashiruddin,Housekeeping Staff,Housekeeping,staff,2020-07-08,active
E0375,P02,Talia Mandasari,F&B Staff,F&B,staff,2022-03-07,resigned
E0376,P02,Wirda Maryati,Housekeeping Manager,Housekeeping,manager,2023-01-08,active
E0377,P02,Wani Hutasoit,Finance Staff,Finance,staff,2024-09-25,active
E0378,P02,Ciaobella Hutapea,Front Office Staff,Revenue,staff,2023-01-26,active
E0379,P02,Salimah Sihombing,Front Office Staff,Revenue,staff,2022-10-11,active
E0380,P02,Melinda Suartini,Front Office Staff,Revenue,staff,2021-07-03,active
E0381,P02,Melinda Gunarto,Front Office Staff,Revenue,staff,2020-05-12,active
E0382,P02,Suci Hakim,F&B Staff,F&B,staff,2020-10-18,active
E0383,P02,Mumpuni Uyainah,F&B Staff,F&B,staff,2022-09-04,active
E0384,P02,Karimah Mulyani,F&B Staff,F&B,staff,2023-10-14,active
E0385,P02,Samsul Sudiati,Revenue Manager,Revenue,manager,2015-10-02,active
E0386,P02,Bagas Prakasa,Front Office Staff,Revenue,staff,2025-05-12,active
E0387,P02,Cut Rahmi Mangunsong,Housekeeping Staff,Housekeeping,staff,2020-02-24,active
E0388,P02,Vanesa Hutagalung,Maintenance Staff,Facility,staff,2021-06-22,active
E0389,P02,Iriana Yulianti,F&B Staff,F&B,staff,2021-02-17,active
E0390,P02,Hilda Latupono,F&B Manager,F&B ,manager,2022-02-19,active
E0391,P02,Oman Nashiruddin,HR Staff,HR,staff,2022-10-14,terminated
E0392,P02,Padma Wibisono,Housekeeping Staff,Housekeeping,staff,2025-11-02,active
E0393,P02,Talia Lestari,Housekeeping Staff,Housekeeping,staff,2022-05-25,active
E0394,P02,Banawi Mansur,F&B Staff,F&B,staff,2019-12-14,active
E0395,P02,Rusman Zulaika,F&B Staff,F&B,staff,2023-06-17,active
E0396,P02,Prima Mandala,Housekeeping Manager,Housekeeping,manager,2023-10-29,active
E0397,P02,Paiman Lailasari,Housekeeping Staff,Housekeeping,staff,2023-03-10,resigned
E0398,P02,Gatra Puspasari,Spa & Event Staff,Spa&Event,staff,2023-05-18,active
E0399,P02,Luwar Irawan,Spa & Event Staff,Spa&Event,staff,2023-05-24,resigned
E0400,P02,Galak Widodo,Housekeeping Staff,Housekeeping,staff,2018-08-29,active
E0401,P02,Vivi Wasita,Spa & Event Staff,Spa&Event,staff,2024-07-02,active
E0402,P02,Caraka Sinaga,Housekeeping Staff,Housekeeping,staff,2020-06-15,active
E0403,P02,Zulfa Hutapea,F&B Staff,F&B,staff,2021-11-21,active
E0404,P02,Faizah Usada,,Housekeeping ,staff,2023-09-03,active
E0405,P02,Raisa Nasyidah,Front Office Staff,Revenue,staff,2023-03-28,active
E0406,P02,Jefri Yuniar,F&B Staff,F&B,staff,2021-10-21,resigned
E0407,P02,Lega Prastuti,Housekeeping Manager,Housekeeping,manager,2021-11-22,active
E0408,P02,Cawisono Wahyuni,Maintenance Staff,Facility,staff,2023-01-08,active
E0409,P02,Rudi  Dabukke,Housekeeping Manager,Housekeeping,manager,2022-01-27,terminated
E0410,P02,Arsipatra Yuniar,F&B Staff,F&B,staff,2022-03-23,active
E0411,P02,Sari Palastri,F&B Manager,F&B,manager,2021-02-07,terminated
E0412,P02,Syahrini Sihombing,Housekeeping Staff,Housekeeping,staff,2020-12-22,active
E0413,P02,Hesti Waskita,Housekeeping Staff,Housekeeping,staff,2023-05-19,active
E0414,P02,Mutia Hidayanto,F&B Staff,F&B,staff,2022-04-28,active
E0415,P02,Novi Hariyah,Front Office Staff,Revenue,staff,2021-01-14,active
E0416,P02,Ganep Sudiati,HR Staff,hr,staff,2021-09-30,active
E0417,P02,Galar Simanjuntak,F&B Staff,F&B,staff,2018-08-23,active
E0418,P02,Prabawa Uwais,Housekeeping Manager,Housekeeping,manager,2020-10-22,resigned
E0419,P02,Jaka Maheswara,F&B Staff,F&B,staff,2023-01-19,active
E0420,P02,Mila Prayoga,Housekeeping Staff,Housekeeping,staff,2023-04-25,active
E0421,P02,Bakti Hardiansyah,F&B Staff,F&B,staff,2024-11-09,resigned
E0422,P02,Kiandra Susanti,F&B Staff,F&B,staff,2020-12-03,active
E0423,P02,Hilda Manullang,F&B Staff,F&B,staff,2023-06-06,active
E0424,P02,Ina Mandasari,F&B Staff,F&B,staff,2021-04-17,resigned
E0425,P02,Bakijan Wijaya,Front Office Staff,Revenue,staff,2016-06-14,active
E0426,P02,Nilam Riyanti,Maintenance Manager,Facility,manager,2021-05-09,active
E0427,P02,Diana Saptono,Housekeeping Staff,Housekeeping,staff,2025-04-14,active
E0428,P02,Himawan Habibi,F&B Staff,F&B,staff,2022-04-08,active
E0429,P02,Yunita Oktaviani,F&B Staff,F&B,staff,2020-12-01,active
E0430,P02,Hartana Wahyudin,Spa & Event Staff,Spa&Event,staff,2026-01-31,active
E0431,P02,Luhung Melani,HR Staff,HR,staff,2021-12-18,active
E0432,P02,Olivia Gunarto,Spa & Event Staff,Spa&Event,staff,2021-07-10,active
E0433,P02,Aris Mandala,F&B Staff,F&B,staff,2016-05-26,active
E0434,P02,Eka Sudiati,Revenue Manager,Revenue,manager,2025-11-03,active
E0435,P02,Elisa Wijaya,F&B Manager,F&B,manager,2022-04-11,resigned
E0436,P03,Restu Samosir,General Manager,Corporate,manager,2017-01-10,active
E0437,P03,Karna Usamah,Housekeeping Staff,Housekeeping,staff,2017-08-08,active
E0438,P03,Iriana Andriani,Maintenance Staff,Facility,staff,2022-12-14,active
E0439,P03,Hendri Putra,Housekeeping Staff,Housekeeping,staff,2023-04-26,active
E0440,P03,Olivia Suryatmi,F&B Staff,F&B,staff,2023-03-26,terminated
E0441,P03,Zizi Halim,Housekeeping Staff,Housekeeping,staff,2024-02-23,active
E0442,P03,Patricia Siregar,F&B Staff,F&B,staff,2023-06-14,active
E0443,P03,Febi Prayoga,Housekeeping Staff,Housekeeping,staff,2023-04-01,resigned
E0444,P03,Puti Salahudin,Finance Staff,Finance,staff,2020-08-15,active
E0445,P03,Wardaya Salahudin,Housekeeping Staff,Housekeeping,staff,2023-04-24,active
E0446,P03,Natalia Tampubolon,Housekeeping Staff,Housekeeping,staff,2022-07-15,active
E0447,P03,Dewi Pertiwi,Housekeeping Staff,Housekeeping,staff,2018-11-02,active
E0448,P03,Edward Hutapea,Spa & Event Staff,Spa&Event,staff,2023-06-09,resigned
E0449,P03,Maimunah Yolanda,Front Office Staff,Revenue,staff,2019-04-14,active
E0450,P03,Ulva Kuswandari,F&B Manager,F&B,manager,2022-09-01,active
E0451,P03,Damar Nasyiah,Housekeeping Staff,Housekeeping,staff,2023-03-08,active
E0452,P03,Putri Saputra,Finance Manager,Finance,manager,2020-07-06,active
E0453,P03,Balangga Susanti,Housekeeping Staff,Housekeeping,staff,2021-01-06,active
E0454,P03,Mulyono Nuraini,Front Office Staff,Revenue,staff,2018-03-31,active
E0455,P03,Makuta Pradipta,Maintenance Manager,Facility,manager,2020-03-05,active
E0456,P03,Baktianto Zulkarnain,Housekeeping Staff,Housekeeping ,staff,2019-06-06,active
E0457,P03,Tina Halimah,F&B Staff,F&B,staff,2022-09-01,active
E0458,P03,Maman Mandala,F&B Staff,F&B,staff,2023-01-03,resigned
E0459,P03,Yoga Pudjiastuti,HR Staff,HR,staff,2020-01-09,active
E0460,P03,Hasim Yolanda,F&B Staff,F&B,staff,2019-05-21,resigned
E0461,P03,Natalia Yulianti,Revenue Manager,Revenue,manager,2017-01-10,active
E0462,P03,Praba Suwarno,F&B Staff,F&B,staff,2022-03-02,active
E0463,P03,Irma Yuliarti,Housekeeping Manager,Housekeeping,manager,2022-05-02,active
E0464,P03,Umaya Irawan,Housekeeping Manager,Housekeeping,manager,2019-10-02,active
E0465,P03,Zalindra Nugroho,Spa & Event Staff,Spa&Event,staff,2025-11-23,active
E0466,P03,Raihan Widodo,Housekeeping Staff,Housekeeping,staff,2022-06-15,active
E0467,P03,Emin Purnawati,Front Office Staff,Revenue,staff,2017-01-10,active
E0468,P03,Puti Juli Suryono,Maintenance Manager,Facility,manager,2018-08-10,active
E0469,P03,Syahrini Palastri,HR Manager,HR,manager,2024-03-16,active
E0470,P03,Janet Prayoga,Housekeeping Staff,Housekeeping,staff,2022-02-04,active
E0471,P03,Elon Winarno,Housekeeping Staff,Housekeeping,staff,2020-01-08,resigned
E0472,P03,Ivan Santoso,Housekeeping Staff,Housekeeping,staff,2019-12-26,active
E0473,P03,Ilsa Padmasari,Maintenance Staff,Facility,staff,2023-03-23,active
E0474,P03,Halim Mardhiyah,Spa & Event Staff,Spa&Event,staff,2017-09-03,resigned
E0475,P03,Eva Hasanah,Maintenance Staff,Facility,staff,2021-09-26,active
E0476,P03,Vero Pratiwi,Front Office Staff,Revenue,staff,2025-06-03,active
E0477,P03,Aswani Pudjiastuti,Housekeeping Staff,Housekeeping,staff,2023-08-03,active
E0478,P03,Sutan Kemal Nasyiah,F&B Staff,F&B,staff,2024-08-18,active
E0479,P03,Catur Simbolon,Maintenance Staff,Facility,staff,2025-01-12,active
E0480,P03,Diah Mulyani,Housekeeping Staff,Housekeeping,staff,2019-02-12,active
E0481,P03,Mutia Pratiwi,Spa & Event Staff,Spa&Event,staff,2022-07-13,active
E0482,P03,Kurnia Hariyah,Housekeeping Staff,Housekeeping,staff,2017-11-06,active
E0483,P03,Hamima Adriansyah,Housekeeping Staff,Housekeeping,staff,2022-04-06,active
E0484,P03,Indra Situmorang,F&B Staff,F&B,staff,2023-06-21,resigned
E0485,P03,Warji Halimah,Housekeeping Staff,Housekeeping,staff,2017-08-07,active
E0486,P03,Edison Wasita,Housekeeping Staff,Housekeeping,staff,2023-04-04,active
E0487,P03,Pranawa Mansur,Spa & Event Staff,Spa&Event,staff,2022-07-14,active
E0488,P03,Kezia Hassanah,Maintenance Staff,Facility,staff,2017-01-10,active
E0489,P03,Martani Tampubolon,F&B Manager,F&B,manager,2017-01-10,active
E0490,P03,Cemani Nasyiah,Housekeeping Staff,Housekeeping,staff,2021-05-14,active
E0491,P03,Paris Mahendra,Spa & Event Staff,Spa&Event,staff,2020-12-30,active
E0492,P03,Malika Wulandari,Front Office Staff,Revenue,staff,2022-01-03,active
E0493,P03,Yuni Pradana,Maintenance Staff,Facility,staff,2022-08-18,active
E0494,P03,Jagaraga Situmorang,Revenue Manager,Revenue,manager,2025-04-09,active
E0495,P03,Enteng Nainggolan,Front Office Staff,Revenue,staff,2022-07-02,active
E0496,P03,Danang Hidayat,HR Staff,HR,staff,2020-09-14,resigned
E0497,P03,Legawa Firmansyah  ,,F&B,staff,2020-01-03,active
E0498,P03,Rahayu Wulandari,F&B Staff,F&B,staff,2019-07-30,resigned
E0499,P03,Maida Pradipta,Housekeeping Staff,Housekeeping,staff,2019-08-07,active
E0500,P03,Sutan Perkasa Hakim,Finance Staff,Finance,staff,2023-04-04,active
E0501,P03,Jefri Siregar,Finance Staff,Finance,staff,2021-10-16,active
E0502,P03,Rahman Permata,Front Office Staff,Revenue,staff,2023-05-07,active
E0503,P03,Ratih Rahimah  ,Spa & Event Staff,Spa&Event,staff,2021-07-02,active
E0504,P03,Dinda Wijayanti,HR Staff,HR,staff,2022-01-15,active
E0505,P03,Sutan Hendri Salahudin,F&B Manager,F&B,manager,2018-01-11,active
E0506,P03,Almira Puspita,F&B Staff,F&B,staff,2022-06-01,resigned
E0507,P03,Puti Lailasari,Housekeeping Manager,Housekeeping,manager,2023-03-09,active
E0508,P03,Gangsar Yuniar,Maintenance Staff,Facility,staff,2023-02-10,terminated
E0509,P03,Keisha Nashiruddin,Housekeeping Staff,Housekeeping,staff,2019-11-30,active
E0510,P03,Zamira Megantara,Maintenance Staff,Facility,staff,2025-11-05,active
E0511,P03,Lidya Puspita,Maintenance Staff,Facility,staff,2025-08-02,active
E0512,P03,Farhunnisa Sitompul,Housekeeping Staff,Housekeeping,staff,2021-02-01,active
E0513,P03,Kawaca Nainggolan,Maintenance Manager,Facility,manager,25/03/2023,resigned
E0514,P03,Embuh Waluyo,Housekeeping Staff,Housekeeping,staff,2023-04-11,active
E0515,P03,Jatmiko Pranowo  ,Front Office Staff,Revenue,staff,2020-06-23,active
E0516,P03,Yono Lazuardi,HR Staff,HR,staff,2023-04-23,active
E0517,P03,Kusuma Sinaga,F&B Staff,F&B,staff,2025-05-17,active
E0518,P03,Oliva Mandasari,Finance Staff,Finance,staff,2019-03-08,active
E0519,P03,Cinthia Halimah,F&B Staff,F&B,staff,2025-01-24,active
E0520,P03,Laras Gunawan,Maintenance Staff,Facility,staff,2020-06-07,active
E0521,P03,Elon Puspasari,Housekeeping Staff,Housekeeping,staff,14/04/2023,resigned
E0522,P03,Eva Napitupulu,Spa & Event Staff,Spa&Event,staff,2023-04-11,active
E0523,P03,Ghaliyati Wibowo,F&B Staff,F&B,staff,2017-01-10,active
E0524,P03,Ella Thamrin,Maintenance Staff,Facility,staff,2022-04-28,active
E0525,P03,Cahyono Palastri,F&B Staff,F&B,staff,2022-05-04,active
E0526,P03,Fitria Namaga,F&B Staff,F&B,staff,2024-01-02,active
E0527,P03,Salman Hutagalung,Finance Staff,Finance,staff,2019-04-22,active
E0528,P03,Saiful Usamah,Housekeeping Staff,Housekeeping,staff,2017-01-10,active
E0529,P03,Bagas Maryadi,F&B Manager,F&B,manager,2017-01-10,active
E0530,P03,Darimin Mayasari,Spa & Event Staff,Spa&Event,staff,2019-12-30,active
E0531,P03,Kasiyah Halim,Housekeeping Staff,Housekeeping,staff,2024-03-24,active
E0532,P03,Sakura Laksita,Spa & Event Manager,Spa&Event,manager,2022-04-25,active
E0533,P03,Adiarja Nasyidah,Housekeeping Manager,Housekeeping,manager,2023-04-12,active
E0534,P03,Anita Mardhiyah,Housekeeping Staff,Housekeeping,staff,2019-09-29,active
E0535,P03,Karna Maryadi,,Housekeeping,manager,2021-06-14,active
E0536,P03,Dadi Safitri,F&B Staff,F&B,staff,2022-02-11,active
E0537,P03,Wulan Widodo,F&B Staff,F&B,staff,2017-07-29,active
E0538,P03,Hardi Waskita,,F&B,manager,2023-03-15,active
E0539,P03,Padmi Prasasta,,F&B,staff,2021-10-19,active
E0540,P03,Halim Wibowo,Front Office Staff,Revenue,staff,2023-06-20,active
E0541,P03,Puspa Kusmawati,HR Staff,HR,staff,2021-11-30,active
E0542,P03,Makuta Anggriawan,Housekeeping Staff,Housekeeping,staff,2023-05-09,active
E0543,P03,Umay Purnawati,Finance Staff,Finance,staff,2023-03-07,active
E0544,P03,Humaira Gunawan,Housekeeping Staff,Housekeeping,staff,2023-03-08,active
E0545,P03,Mahdi Setiawan,Spa & Event Staff,Spa&Event,staff,2025-09-03,active
E0546,P03,Wisnu Sihotang,Finance Staff,Finance,staff,2020-11-16,active
E0547,P03,Yono Pranowo,Maintenance Staff,Facility,staff,2020-01-26,active
E0548,P03,Eja Marpaung,Front Office Staff,Revenue,staff,2026-04-04,active
E0549,P03,Usyi Mandala,Housekeeping Staff,Housekeeping,staff,2021-04-22,active
E0550,P03,Gina Hutagalung,F&B Staff,F&B,staff,2017-01-10,active
E0551,P04,Rahmi Susanti,General Manager,Corporate,manager,2022-04-28,active
E0552,P04,Mahesa Saputra,Maintenance Staff,Facility,staff,2022-08-27,active
E0553,P04,Prasetyo Safitri,Housekeeping Staff,Housekeeping,staff,20/08/2019,active
E0554,P04,Wirda Prayoga,Spa & Event Staff,Spa&Event ,staff,2022-11-11,active
E0555,P04,Harjasa Usada,Spa & Event Staff,Spa&Event,staff,2019-08-20,active
E0556,P04,Okta Wibisono,Spa & Event Staff,Spa&Event,staff,2025-06-30,active
E0557,P04,Karen Kurniawan,Housekeeping Staff,Housekeeping,staff,2023-06-19,active
E0558,P04,Adhiarja Samosir,Maintenance Manager,Facility,manager,2019-08-20,active
E0559,P04,Karen Saputra,Housekeeping Staff,Housekeeping,staff,2024-09-25,resigned
E0560,P04,Cahyadi Irawan,Spa & Event Staff,Spa&Event,staff,2024-06-08,active
E0561,P04,Irfan Hassanah,Finance Staff,Finance,staff,2023-05-21,resigned
E0562,P04,Akarsana Irawan,Housekeeping Staff,Housekeeping,staff,2019-08-20,active
E0563,P04,Puspa Iswahyudi,Spa & Event Manager,Spa&Event,manager,2026-04-05,active
E0564,P04,Victoria Hutasoit,F&B Staff,F&B,staff,2021-08-15,active
E0565,P04,Cahyono Santoso,Housekeeping Staff,Housekeeping,staff,2019-08-20,resigned
E0566,P04,Hasna Lailasari,Housekeeping Staff,Housekeeping,staff,2023-04-21,active
E0567,P04,Atma Marbun,Maintenance Staff,Facility,staff,2021-06-24,active
E0568,P04,Ika Andriani,Housekeeping Manager,Housekeeping,manager,2019-08-20,resigned
E0569,P04,Novi Hutagalung,Maintenance Staff,Facility,staff,2021-08-23,active
E0570,P04,Hafshah Prayoga,Spa & Event Staff,Spa&Event,staff,2021-01-05,active
E0571,P04,Gadang Ardianto,F&B Staff,F&B,staff,2020-07-09,active
E0572,P04,Juli  Safitri,Front Office Staff,Revenue,staff,2021-12-24,active
E0573,P04,Wani Sitompul,Maintenance Staff,Facility,staff,2021-01-10,active
E0574,P04,Juli Astuti,Maintenance Staff,Facility,staff,2021-04-20,active
E0575,P04,Rahmi Pangestu,F&B Staff,F&B,staff,2019-08-20,active
E0576,P04,Iriana Nugroho,Finance Staff,Finance,staff,2023-05-19,resigned
E0577,P04,Jamalia Siregar,Revenue Manager,Revenue,manager,2022-09-02,active
E0578,P04,Yuliana Wijaya,Finance Staff,Finance,staff,2019-08-20,active
E0579,P04,Calista Pratiwi,Maintenance Staff,Facility,staff,2019-08-20,active
E0580,P04,Lega Palastri,Revenue Manager,Revenue,manager,2021-12-22,active
E0581,P04,Mahmud Pudjiastuti,Housekeeping Staff,Housekeeping,staff,2021-01-28,active
E0582,P04,Wawan Hariyah,Finance Staff,Finance,staff,2022-09-07,active
E0583,P04,Mahesa Sihombing,Maintenance Staff,Facility,staff,2024-12-10,active
E0584,P04,Dono Wahyuni,Finance Staff,Finance,staff,2022-12-22,active
E0585,P04,Nasrullah Anggraini,Revenue Manager,Revenue,manager,2021-12-09,active
E0586,P04,Restu Wacana,HR Staff,HR,staff,2022-05-28,active
E0587,P04,Marsudi Suryatmi,Maintenance Staff,Facility,staff,2021-04-21,active
E0588,P04,Kardi Yuliarti,Maintenance Manager,Facility,manager,22/12/2024,active
E0589,P04,Gawati Melani,Front Office Staff,Revenue,staff,2023-04-18,active
E0590,P04,Kania Hariyah,Spa & Event Staff,Spa&Event,staff,2025-05-09,resigned
E0591,P04,Aisyah Laksmiwati,Maintenance Staff,Facility,staff,2019-08-20,active
E0592,P04,Ega Agustina,F&B Staff,F&B,staff,2019-08-20,terminated
E0593,P04,Bambang Megantara,HR Staff,HR,staff,2020-07-02,resigned
E0594,P04,Ira Siregar,Finance Staff,Finance,staff,2021-07-29,active
E0595,P04,Violet Putra,Front Office Staff,Revenue,staff,2022-07-27,active
E0596,P04,Ismail Hartati,Maintenance Manager,Facility,manager,2019-08-20,active
E0597,P04,Betania Salahudin,Finance Staff,Finance,staff,2020-08-10,active
E0598,P04,Rusman Latupono,F&B Staff,F&B,staff,2023-01-19,resigned
E0599,P04,Samsul Siregar,F&B Staff,F&B,staff,2026-02-26,active
E0600,P04,Malika Pradipta,Housekeeping Manager,Housekeeping,manager,2019-08-20,active
E0601,P04,Okto Susanti,F&B Staff,F&B,staff,2019-08-20,active
E0602,P04,Ihsan Rahayu,Front Office Staff,Revenue,staff,2019-08-20,resigned
E0603,P04,Kayla Ardianto,Spa & Event Staff,Spa&Event,staff,2020-04-05,active
E0604,P04,Raharja Nasyiah,Housekeeping Staff,Housekeeping,staff,2025-01-14,active
E0605,P04,Ghani Simbolon,F&B Staff,F&B,staff,2021-02-13,active
E0606,P04,Jagapati Latupono,F&B Staff,F&B,staff,2022-02-21,active
E0607,P04,Salsabila Lestari,F&B Staff,F&B,staff,2019-08-20,resigned
E0608,P04,Rahmi Wijaya,Revenue Manager,Revenue,manager,2019-08-20,active
E0609,P04,Puti Kamaria Thamrin,F&B Staff,F&B,staff,2023-05-19,active
E0610,P04,Galar Lazuardi,Finance Staff,Finance,staff,2023-06-06,active
E0611,P04,Gaduh Latupono,Spa & Event Manager,Spa&Event,manager,25/04/2022,active
E0612,P04,Hardi Megantara,Housekeeping Staff,Housekeeping,staff,2019-08-20,active
E0613,P04,Kamal Winarno,Housekeeping Staff,Housekeeping,staff,2019-08-20,active
E0614,P04,Fitria Laksita,Front Office Staff,Revenue,staff,2024-07-05,active
E0615,P04,Cengkir Sihotang,Spa & Event Staff,Spa&Event,staff,2023-02-02,active
E0616,P04,Jayeng Mansur,Maintenance Staff,Facility,staff,2021-03-29,active
E0617,P04,Rahman Winarno,F&B Manager,F&B,manager,2022-04-19,active
E0618,P04,Silvia Lestari,Housekeeping Staff,Housekeeping,staff,2019-08-20,active
E0619,P04,Titin Handayani,F&B Staff,F&B,staff,2019-08-20,active
E0620,P04,Eli Hutasoit,F&B Manager,F&B,manager,2019-08-20,active
E0621,P04,Cut Wulan Prasetya,Maintenance Manager,Facility,manager,2024-04-19,active
E0622,P04,Ami Saefullah,HR Staff,HR,staff,2021-11-30,active
E0623,P04,Kawaya Suwarno,Housekeeping Staff,Housekeeping,staff,2022-02-26,active
E0624,P04,Purwadi Haryanti,F&B Staff,F&B,staff,2022-09-12,active
E0625,P04,Kemal Latupono,F&B Manager,F&B,manager,2023-05-09,active
E0626,P04,Vicky Palastri,F&B Staff,F&B,staff,2019-08-20,resigned
E0627,P04,Sutan Irwan Jailani,Spa & Event Staff,Spa&Event,staff,2025-03-31,active
E0628,P04,Ami Hartati,Front Office Staff,Revenue,staff,2025-03-02,active
E0629,P04,Kamaria Irawan,Front Office Staff,Revenue,staff,2019-08-20,active
E0630,P04,Zelaya Lazuardi,Maintenance Staff,Facility,staff,2019-08-20,active
E0631,P04,Latif Mandala,Finance Staff,Finance,staff,2019-08-20,active
E0632,P04,Zamira Mulyani,Housekeeping Staff,Housekeeping,staff,2021-06-20,active
E0633,P04,Narji Sinaga,F&B Staff,F&B,staff,01/11/2019,active
E0634,P04,Dinda Permata,Housekeeping Staff,Housekeeping ,staff,2023-10-07,active
E0635,P04,Mila Hutagalung,F&B Staff,F&B,staff,2019-08-20,active
E0636,P04,Nova Simbolon,Front Office Staff,Revenue,staff,2019-08-20,active
E0637,P04,Cut Vicky Iswahyudi,Front Office Staff,Revenue,staff,2024-01-31,active
E0638,P04,Ikhsan Prabowo,F&B Staff,F&B,staff,2022-10-14,active
E0639,P04,Hasna Sinaga,Finance Manager,Finance,manager,2021-12-31,active
E0640,P04,Karya Laksita,Revenue Manager,Revenue,manager,2023-02-24,active
E0641,P04,Baktiadi Utami,Housekeeping Staff,Housekeeping,staff,2019-08-20,active
E0642,P04,Mutia Adriansyah,Maintenance Staff,Facility,staff,2021-03-02,active
E0643,P04,Farah Mustofa,Front Office Staff,Revenue,staff,2024-12-22,active
E0644,P04,Marwata Tarihoran,Housekeeping Staff,Housekeeping,staff,2022-11-05,active
E0645,P04,Chelsea Wahyudin,Spa & Event Staff,SPA&EVENT,staff,2020-09-16,active
E0646,P04,Harto Utami,Spa & Event Staff,Spa&Event,staff,2021-02-01,active
E0647,P04,Tari Pradipta,Maintenance Staff,Facility,staff,2022-05-22,active
E0648,P04,Safina Iswahyudi,Maintenance Staff,Facility,staff,2023-03-12,active
E0649,P04,Citra Mustofa,Front Office Staff,Revenue,staff,2020-09-17,terminated
E0650,P04,Ajeng Anggriawan,Housekeeping Manager,Housekeeping,manager,2021-08-29,active
E0651,P05,Harjo Irawan,General Manager,Corporate,manager,2020-11-05,active
E0652,P05,Kartika Salahudin,HR Staff,HR,staff,2024-03-24,active
E0653,P05,Harjaya Mansur,Maintenance Staff,Facility,staff,2021-08-29,terminated
E0654,P05,Raisa Handayani,HR Staff,HR,staff,2020-11-05,active
E0655,P05,Iriana Mandala,F&B Staff,F&B,staff,2021-06-27,active
E0656,P05,Enteng Yuliarti,Housekeeping Staff,Housekeeping ,staff,2021-06-09,active
E0657,P05,Drajat Puspasari,Revenue Manager,Revenue,manager,2020-11-05,active
E0658,P05,Victoria Dongoran,Finance Manager,Finance,manager,2023-12-01,active
E0659,P05,Septi Habibi,F&B Staff,F&B,staff,2022-03-16,active
E0660,P05,Carla Permadi,Finance Staff,Finance,staff,2023-02-19,resigned
E0661,P05,Suci Riyanti,Housekeeping Staff,housekeeping,staff,2023-06-04,active
E0662,P05,Karsana Budiman,Front Office Staff,Revenue,staff,2020-11-05,active
E0663,P05,Jamalia Mustofa,F&B Staff,F&B,staff,2021-01-27,active
E0664,P05,Zelda Purnawati,F&B Staff,F&B,staff,2020-11-05,active
E0665,P05,Karimah Palastri,Front Office Staff,Revenue,staff,2022-11-24,active
E0666,P05,Langgeng Hidayat,HR Staff,HR,staff,2023-02-17,active
E0667,P05,Eluh Pratama,F&B Staff,F&B,staff,2023-06-17,active
E0668,P05,Virman Halim,Housekeeping Staff,Housekeeping,staff,2022-06-01,active
E0669,P05,Estiawan Hutasoit,Housekeeping Manager,Housekeeping,manager,2021-04-08,active
E0670,P05,Cindy Melani,Spa & Event Staff,Spa&Event,staff,2022-04-02,active
E0671,P05,Respati Mangunsong,Front Office Staff,Revenue,staff,2022-01-21,active
E0672,P05,Tami Fujiati,Housekeeping Staff,Housekeeping,staff,2020-11-05,active
E0673,P05,Bakianto Fujiati,Finance Staff,Finance,staff,2022-06-05,active
E0674,P05,Jaeman Suryatmi,Front Office Staff,Revenue,staff,2021-09-10,active
E0675,P05,Cut Ira Widiastuti,Maintenance Staff,Facility,staff,2020-11-05,active
E0676,P05,Nugraha Mandala,HR Staff,HR,staff,2025-02-22,active
E0677,P05,Putri Maryati,F&B Staff,F&B,staff,2022-03-26,active
E0678,P05,Pangestu Santoso,Maintenance Staff,Facility,staff,2024-09-18,active
E0679,P05,Tania Permata,F&B Staff,F&B,staff,2021-01-23,active
E0680,P05,Vera Jailani,Maintenance Staff,Facility,staff,2020-11-05,active
E0681,P05,Opung Melani,F&B Staff,F&B,staff,2020-11-05,active
E0682,P05,Artawan Budiman,Spa & Event Staff,Spa&Event,staff,2023-02-05,active
E0683,P05,Arsipatra Halimah,Front Office Staff,Revenue,staff,2020-11-05,active
E0684,P05,Kiandra Maryadi,HR Staff,HR,staff,2021-10-20,active
E0685,P05,Wadi Firgantoro,Spa & Event Staff,Spa&Event,staff,2022-10-01,active
E0686,P05,Genta Sinaga,Housekeeping Manager,Housekeeping,manager,2021-12-16,active
E0687,P05,Hamzah Simanjuntak,Front Office Staff,Revenue,staff,2020-11-05,active
E0688,P05,Yunita Hutagalung,Spa & Event Manager,Spa&Event,manager,2021-10-19,active
E0689,P05,Rangga Maryati,F&B Staff,F&B,staff,2022-07-02,active
E0690,P05,Xanana Wacana,HR Manager,HR,manager,2025-07-23,active
E0691,P05,Tomi Hastuti,Front Office Staff,Revenue,staff,2025-02-22,active
E0692,P05,Kadir Hasanah,Housekeeping Manager,Housekeeping,manager,2020-12-26,resigned
E0693,P05,Gading Pangestu,Housekeeping Staff,Housekeeping,staff,2022-10-23,active
E0694,P05,Padmi Sihombing,Housekeeping Staff,Housekeeping,staff,2023-04-19,active
E0695,P05,Rika Lailasari,Front Office Staff,Revenue,staff,2023-02-25,active
E0696,P05,Adiarja Wasita,HR Staff,HR,staff,2023-02-25,resigned
E0697,P05,Daruna Namaga,Front Office Staff,Revenue,staff,2023-01-31,active
E0698,P05,Siska Anggriawan,,F&B,staff,2026-02-27,active
E0699,P05,Ade Wahyuni,Maintenance Staff,Facility,staff,2023-02-14,active
E0700,P05,Zizi Samosir,Front Office Staff,Revenue,staff,2025-04-18,active
E0701,P05,Danang Nuraini,Housekeeping Staff,Housekeeping,staff,2020-12-07,active
E0702,P05,Hari Lestari,HR Staff,HR,staff,2022-12-29,active
E0703,P05,Caket Setiawan,Spa & Event Staff,Spa&Event,staff,2022-06-08,active
E0704,P05,Artawan Pradipta,HR Staff,HR,staff,2020-11-05,active
E0705,P05,Lega Purnawati,Housekeeping Staff,Housekeeping,staff,2024-08-25,active
E0706,P05,Ibrahim Wijayanti,Maintenance Staff,Facility,staff,2021-11-21,active
E0707,P05,Dasa Siregar,Housekeeping Staff,Housekeeping,staff,2020-11-05,resigned
E0708,P05,Zizi Sihotang,Housekeeping Staff,Housekeeping,staff,2025-10-12,active
E0709,P05,Humaira Pradipta,F&B Staff,F&B,staff,2023-01-09,active
E0710,P05,Warsa Pangestu,Front Office Staff,Revenue,staff,2022-12-18,terminated
E0711,P05,Purwadi Padmasari,F&B Staff,F&B,staff,23/05/2023,active
E0712,P05,Chandra Kurniawan,F&B Staff,F&B,staff,2023-01-13,active
E0713,P05,Ihsan Hastuti,Spa & Event Staff,Spa&Event,staff,2025-02-24,active
E0714,P05,Laila Lazuardi,Spa & Event Manager,Spa&Event,manager,2022-09-05,active
E0715,P05,Ina Hariyah,Maintenance Staff,Facility,staff,2023-01-04,resigned
E0716,P05,Zulaikha Lazuardi,Front Office Staff,Revenue,staff,2023-04-07,active
E0717,P05,Candrakanta Sihombing,Housekeeping Manager,Housekeeping,manager,2024-04-17,active
E0718,P05,Bakijan Prayoga,Finance Staff,Finance,staff,2023-03-05,active
E0719,P05,Lala Mulyani,Maintenance Manager,Facility,manager,2026-01-30,resigned
E0720,P05,Murti Salahudin,Housekeeping Staff,Housekeeping,staff,2021-12-14,resigned
E0721,P05,Yuliana Natsir  ,F&B Staff,F&B,staff,2022-12-01,active
E0722,P05,Wawan Waskita,Spa & Event Staff,Spa&Event,staff,2022-05-13,active
E0723,P05,Jail Jailani,Maintenance Staff,Facility,staff,2021-09-29,active
E0724,P05,Radika Prasetya,Front Office Staff,Revenue,staff,2020-11-05,active
E0725,P05,Dalimin Wacana,F&B Staff,F&B,staff,2023-05-25,resigned
E0726,P05,Silvia Usamah,Finance Manager,Finance,manager,2020-11-05,active
E0727,P05,Yulia Hutagalung,Maintenance Staff,Facility,staff,2021-01-09,active
E0728,P05,Atmaja Napitupulu,Housekeeping Staff,Housekeeping,staff,2023-04-14,active
E0729,P05,Cawisadi Pertiwi,Front Office Staff,Revenue,staff,2026-02-21,active
E0730,P05,Yuni Widodo,F&B Manager,F&B,manager,2020-11-05,resigned
E0731,P05,Ana Wibowo,F&B Staff,F&B,staff,2020-11-05,active
E0732,P05,Upik Nashiruddin,Front Office Staff,Revenue,staff,2023-05-04,active
E0733,P05,Indah Hassanah,Maintenance Staff,Facility,staff,2026-03-17,active
E0734,P05,Anom Susanti,HR Staff,HR,staff,2022-09-07,active
E0735,P05,Najwa Zulkarnain,Front Office Staff,Revenue,staff,2020-11-05,active
E0736,P06,Kiandra Mandala,CEO,Corporate,corporate,2020-01-18,active
E0737,P06,Farah Yuniar,Corporate Revenue Director,Corporate,corporate,2022-12-26,active
E0738,P06,Elvina Dongoran,Corporate Finance Director,Corporate,corporate,2022-11-28,active
E0739,P06,Rina Prasetya,Corporate HR Director,corporate,corporate,2025-01-11,active
E0740,P06,Umar Setiawan,Corporate Operations Director,Corporate,corporate,2024-12-21,active
E0741,P06,Rusman Halimah,Finance Staff,Finance,staff,2022-05-04,active
E0742,P06,Capa Januar,Finance Staff,Finance,staff,2021-11-02,active
E0743,P06,Maryadi Permadi,HR Manager,HR,manager,2021-02-01,active
E0744,P06,Patricia Hakim,Finance Staff,Finance,staff,2022-05-06,resigned
E0745,P06,Yani Tamba,Finance Staff,Finance,staff,2021-12-11,active
E0746,P06,Cut Tiara Thamrin,Finance Staff,Finance,staff,2020-01-21,active
E0747,P06,Raihan Lailasari,HR Staff,HR,staff,2023-05-27,resigned
E0748,P06,Bakijan Hakim,Finance Staff,Finance,staff,2022-10-08,active
E0749,P06,Luhung Prasetya,Finance Staff,Finance,staff,2020-05-16,active
E0750,P06,Karsa Kuswandari,Finance Manager,Finance,manager,2017-11-09,active
E0751,P06,Gamblang Susanti,Finance Staff,Finance,staff,2026-03-13,active
E0752,P06,Reksa Mustofa,Finance Manager,Finance,manager,2024-07-07,active
E0753,P06,Tina Nugroho,Finance Manager,Finance,manager,2021-09-14,active
E0754,P06,Tiara Wijayanti,Finance Staff,Finance,staff,2021-08-06,active
E0755,P06,Rini Januar,HR Manager,HR,manager,2023-03-19,active
