property_id,period,department,departmental_revenue,departmental_expense,departmental_profit,undistributed_expense,gop
P01,2023-07,Room,7444217000,2084380760,5359836240,0,0
P01,2023-07,F&B,877843000,528056096,349786903,0,0
P01,2023-07,Spa&Event,1288372000,708604600,579767400,0,0
P01,2023-07,Overall,9610432000,3321041456,6289390543,2152736768,4136653775
P01,2023-08,Room,5934216000,1661580480,4272635520,0,0
P01,2023-08,F&B,725956000,484022061,241933938,0,0
P01,2023-08,Spa&Event,1661000000,913550000,747449999,0,0
P01,2023-08,Overall,8321172000,3059152541,5262019458,1863942528,3398076930
P01,2023-09,Room,4247234000,1189225520,3058008480,0,0
P01,2023-09,F&B,582895000,444648090,138246909,0,0
P01,2023-09,Spa&Event,1461320000,803726000,657593999,0,0
P01,2023-09,Overall,6291449000,2437599610,3853849389,1409284576,2444564813
P01,2023-10,Room,4369713000,1223519640,3146193360,0,0
P01,2023-10,F&B,588310000,449045278,139264721,0,0
P01,2023-10,Spa&Event,1605864000,883225200,722638799,0,0
P01,2023-10,Overall,6563887000,2555790118,4008096881,1470310688,2537786193
P01,2023-11,Room,4848014000,1357443920,3490570080,0,0
P01,2023-11,F&B,633283000,465093337,168189662,0,0
P01,2023-11,Spa&Event,1370146000,753580300,616565699,0,0
P01,2023-11,Overall,6851443000,2576117557,4275325442,1534723232,2740602210
P01,2023-12,Room,7698820000,2155669600,5543150400,0,0
P01,2023-12,F&B,900672000,568835443,331836556,0,0
P01,2023-12,Spa&Event,1475051000,811278050,663772949,0,0
P01,2023-12,Overall,10074543000,3535783093,6538759906,2256697632,4282062274
P01,2024-01,Room,6998702000,1959636560,5039065440,0,0
P01,2024-01,F&B,864033000,549192445,314840554,0,0
P01,2024-01,Spa&Event,1725619000,949090450,776528549,0,0
P01,2024-01,Overall,9588354000,3457919455,6130434544,2147791296,3982643248
P01,2024-02,Room,4162879000,1165606120,2997272880,0,0
P01,2024-02,F&B,545199000,446809133,98389866,0,0
P01,2024-02,Spa&Event,2007539000,1104146450,903392550,0,0
P01,2024-02,Overall,6715617000,2716561703,3999055296,1504298208,2494757088
P01,2024-03,Room,4171016000,1508798993,2662217006,0,0
P01,2024-03,F&B,560551000,643827551,-83276551,0,0
P01,2024-03,Spa&Event,2024549000,1113501950,911047050,0,0
P01,2024-03,Overall,6756116000,3266128494,3489987505,1513369984,1976617521
P01,2024-04,Room,5292175000,1481809000,3810366000,0,0
P01,2024-04,F&B,671231000,484875704,186355295,0,0
P01,2024-04,Spa&Event,1777219000,977470450,799748549,0,0
P01,2024-04,Overall,7740625000,2944155154,4796469845,1733900000,3062569845
P01,2024-05,Room,6045346000,1692696880,4352649120,0,0
P01,2024-05,F&B,746362000,515702760,230659239,0,0
P01,2024-05,Spa&Event,1163524000,639938200,523585800,0,0
P01,2024-05,Overall,7955232000,2848337840,5106894159,1781971968,3324922191
P01,2024-06,Room,6394235000,1790385800,4603849200,0,0
P01,2024-06,F&B,776576000,518426190,258149809,0,0
P01,2024-06,Spa&Event,1484666000,816566300,668099699,0,0
P01,2024-06,Overall,8655477000,3125378290,5530098709,1938826848,3591271861
P01,2024-07,Room,7490032000,2097208960,5392823040,0,0
P01,2024-07,F&B,876241000,566896984,309344015,0,0
P01,2024-07,Spa&Event,1675286000,921407300,753878699,0,0
P01,2024-07,Overall,10041559000,3585513244,6456045755,2249309216,4206736539
P01,2024-08,Room,6158911000,1724495080,4434415920,0,0
P01,2024-08,F&B,795771000,534844607,260926392,0,0
P01,2024-08,Spa&Event,1583599000,870979450,712619549,0,0
P01,2024-08,Overall,8538281000,3130319137,5407961862,1912574944,3495386918
P01,2024-09,Room,4227810000,1183786800,3044023200,0,0
P01,2024-09,F&B,555127000,452001589,103125410,0,0
P01,2024-09,Spa&Event,1007772000,554274600,453497400,0,0
P01,2024-09,Overall,5790709000,2190062989,3600646010,1297118816,2303527194
P01,2024-10,Room,4726073000,1323300440,3402772560,0,0
P01,2024-10,F&B,634230000,485514675,148715324,0,0
P01,2024-10,Spa&Event,1951888000,1073538400,878349599,0,0
P01,2024-10,Overall,7312191000,2882353515,4429837484,1637930784,2791906700
P01,2024-11,Room,5240939000,1467462920,3773476080,0,0
P01,2024-11,F&B,685705000,526508639,159196360,0,0
P01,2024-11,Spa&Event,1426637000,784650350,641986649,0,0
P01,2024-11,Overall,7353281000,2778621909,4574659090,1647134944,2927524146
P01,2024-12,Room,8288605000,2320809400,5967795600,0,0
P01,2024-12,F&B,858525000,595271310,263253689,0,0
P01,2024-12,Spa&Event,1651592000,908375600,743216399,0,0
P01,2024-12,Overall,10798722000,3824456310,6974265689,2418913728,4555351961
P01,2025-01,Room,7353020000,2058845600,5294174400,0,0
P01,2025-01,F&B,875268000,592399573,282868426,0,0
P01,2025-01,Spa&Event,2642175000,1453196250,1188978750,0,0
P01,2025-01,Overall,10870463000,4104441423,6766021576,2434983712,4331037864
P01,2025-02,Room,4190349000,1173297720,3017051280,0,0
P01,2025-02,F&B,578035000,496566410,81468589,0,0
P01,2025-02,Spa&Event,1481900000,815045000,666854999,0,0
P01,2025-02,Overall,6250284000,2484909130,3765374869,1400063616,2365311253
P01,2025-03,Room,4931784000,1676678119,3255105880,0,0
P01,2025-03,F&B,632935000,750699243,-117764243,0,0
P01,2025-03,Spa&Event,1652828000,909055400,743772599,0,0
P01,2025-03,Overall,7217547000,3336432762,3881114237,1616730528,2264383709
P01,2025-04,Room,5480505000,1534541400,3945963600,0,0
P01,2025-04,F&B,685798000,548686143,137111856,0,0
P01,2025-04,Spa&Event,1853210000,1019265500,833944499,0,0
P01,2025-04,Overall,8019513000,3102493043,4917019956,1796370912,3120649044
P01,2025-05,Room,5771222000,1615942160,4155279840,0,0
P01,2025-05,F&B,718080000,553321146,164758853,0,0
P01,2025-05,Spa&Event,1612758000,887016900,725741099,0,0
P01,2025-05,Overall,8102060000,3056280206,5045779793,1814861440,3230918353
P01,2025-06,Room,6397733000,1791365240,4606367760,0,0
P01,2025-06,F&B,854182000,597470149,256711850,0,0
P01,2025-06,Spa&Event,1217923000,669857650,548065350,0,0
P01,2025-06,Overall,8469838000,3058693039,5411144960,1897243712,3513901248
P01,2025-07,Room,7327546000,2051712880,5275833120,0,0
P01,2025-07,F&B,874503000,624414067,250088932,0,0
P01,2025-07,Spa&Event,2388115000,1313463250,1074651750,0,0
P01,2025-07,Overall,10590164000,3989590197,6600573802,2372196736,4228377066
P01,2025-08,Room,6166358000,1726580240,4439777760,0,0
P01,2025-08,F&B,778168000,580262529,197905470,0,0
P01,2025-08,Spa&Event,2369909000,1303449950,1066459050,0,0
P01,2025-08,Overall,9314435000,3610292719,5704142280,2086433440,3617708840
P01,2025-09,Room,4662191000,1305413480,3356777520,0,0
P01,2025-09,F&B,615517000,528184113,87332886,0,0
P01,2025-09,Spa&Event,1806436000,993539800,812896199,0,0
P01,2025-09,Overall,7084144000,2827137393,4257006606,1586848256,2670158350
P01,2025-10,Room,4785311000,1339887080,3445423920,0,0
P01,2025-10,F&B,658933000,548124619,110808380,0,0
P01,2025-10,Spa&Event,2160167000,1188091850,972075150,0,0
P01,2025-10,Overall,7604411000,3076103549,4528307450,1703388064,2824919386
P01,2025-11,Room,5423625000,1518615000,3905010000,0,0
P01,2025-11,F&B,728874000,583260871,145613128,0,0
P01,2025-11,Spa&Event,2098600000,1154230000,944370000,0,0
P01,2025-11,Overall,8251099000,3256105871,4994993128,1848246176,3146746952
P01,2025-12,Room,7740718000,2167401040,5573316960,0,0
P01,2025-12,F&B,930534000,655208606,275325393,0,0
P01,2025-12,Spa&Event,1298033000,713918150,584114850,0,0
P01,2025-12,Overall,9969285000,3536527796,6432757203,2233119840,4199637363
P01,2026-01,Room,7249118000,2029753040,5219364960,0,0
P01,2026-01,F&B,899034000,645545452,253488547,0,0
P01,2026-01,Spa&Event,1661475000,913811250,747663749,0,0
P01,2026-01,Overall,9809627000,3589109742,6220517257,2197356448,4023160809
P01,2026-02,Room,4421783000,1238099240,3183683760,0,0
P01,2026-02,F&B,596008000,532766000,63241999,0,0
P01,2026-02,Spa&Event,1375670000,756618500,619051499,0,0
P01,2026-02,Overall,6393461000,2527483740,3865977259,1432135264,2433841995
P01,2026-03,Room,5123748000,1793957061,3329790938,0,0
P01,2026-03,F&B,656407000,778583609,-122176609,0,0
P01,2026-03,Spa&Event,1259330000,692631500,566698500,0,0
P01,2026-03,Overall,7039485000,3265172171,3774312828,1576844640,2197468188
P01,2026-04,Room,5520611000,1545771080,3974839920,0,0
P01,2026-04,F&B,725230000,558646538,166583461,0,0
P01,2026-04,Spa&Event,1688435000,928639250,759795749,0,0
P01,2026-04,Overall,7934276000,3033056868,4901219131,1777277824,3123941307
P01,2026-05,Room,5883869000,1647483320,4236385680,0,0
P01,2026-05,F&B,759424000,577233155,182190844,0,0
P01,2026-05,Spa&Event,2510112000,1380561600,1129550400,0,0
P01,2026-05,Overall,9153405000,3605278075,5548126924,2050362720,3497764204
P01,2026-06,Room,6465631000,1810376680,4655254320,0,0
P01,2026-06,F&B,808347000,585443988,222903011,0,0
P01,2026-06,Spa&Event,2135478000,1174512900,960965100,0,0
P01,2026-06,Overall,9409456000,3570333568,5839122431,2107718144,3731404287
P02,2023-07,Room,7417226000,2076823280,5340402720,0,0
P02,2023-07,F&B,1318326000,1032762876,285563123,0,0
P02,2023-07,Spa&Event,3347329000,1841030950,1506298049,0,0
P02,2023-07,Overall,12082881000,4950617106,7132263893,2706565344,4425698549
P02,2023-08,Room,5453619000,1527013320,3926605680,0,0
P02,2023-08,F&B,1026782000,944462429,82319570,0,0
P02,2023-08,Spa&Event,2466430000,1356536500,1109893500,0,0
P02,2023-08,Overall,8946831000,3828012249,5118818750,2004090144,3114728606
P02,2023-09,Room,3914099000,1190472931,2723626068,0,0
P02,2023-09,F&B,818991000,884418934,-65427934,0,0
P02,2023-09,Spa&Event,3332603000,1832931650,1499671349,0,0
P02,2023-09,Overall,8065693000,3907823515,4157869484,1806715232,2351154252
P02,2023-10,Room,4326401000,1251281349,3075119650,0,0
P02,2023-10,F&B,821313000,890681807,-69368807,0,0
P02,2023-10,Spa&Event,1554418000,854929900,699488099,0,0
P02,2023-10,Overall,6702132000,2996893056,3705238943,1501277568,2203961375
P02,2023-11,Room,4790831000,1341432680,3449398320,0,0
P02,2023-11,F&B,909026000,918553491,-9527491,0,0
P02,2023-11,Spa&Event,3729889000,2051438950,1678450049,0,0
P02,2023-11,Overall,9429746000,4311425121,5118320878,2112263104,3006057774
P02,2023-12,Room,7206733000,2017885240,5188847760,0,0
P02,2023-12,F&B,1352702000,1055089611,297612388,0,0
P02,2023-12,Spa&Event,2673510000,1470430500,1203079500,0,0
P02,2023-12,Overall,11232945000,4543405351,6689539648,2516179680,4173359968
P02,2024-01,Room,6750882000,1890246960,4860635040,0,0
P02,2024-01,F&B,1211357000,1028060535,183296464,0,0
P02,2024-01,Spa&Event,2683978000,1476187900,1207790100,0,0
P02,2024-01,Overall,10646217000,4394495395,6251721604,2384752608,3866968996
P02,2024-02,Room,3891917000,1245607790,2646309209,0,0
P02,2024-02,F&B,781369000,888095142,-106726142,0,0
P02,2024-02,Spa&Event,2596572000,1428114600,1168457400,0,0
P02,2024-02,Overall,7269858000,3561817533,3708040466,1628448192,2079592274
P02,2024-03,Room,4272096000,2075271505,2196824494,0,0
P02,2024-03,F&B,864058000,1447127733,-583069733,0,0
P02,2024-03,Spa&Event,1582422000,870332100,712089899,0,0
P02,2024-03,Overall,6718576000,4392731339,2325844660,1504961024,820883636
P02,2024-04,Room,4832618000,1353133040,3479484960,0,0
P02,2024-04,F&B,948149000,952710240,-4561240,0,0
P02,2024-04,Spa&Event,1982670000,1090468500,892201500,0,0
P02,2024-04,Overall,7763437000,3396311780,4367125219,1739009888,2628115331
P02,2024-05,Room,5482065000,1534978200,3947086800,0,0
P02,2024-05,F&B,1049426000,996900988,52525011,0,0
P02,2024-05,Spa&Event,2231976000,1227586800,1004389200,0,0
P02,2024-05,Overall,8763467000,3759465988,5004001011,1963016608,3040984403
P02,2024-06,Room,6254783000,1751339240,4503443760,0,0
P02,2024-06,F&B,1181192000,1040930741,140261258,0,0
P02,2024-06,Spa&Event,1856564000,1021110200,835453799,0,0
P02,2024-06,Overall,9292539000,3813380181,5479158818,2081528736,3397630082
P02,2024-07,Room,7138280000,1998718400,5139561600,0,0
P02,2024-07,F&B,1283281000,1076135492,207145507,0,0
P02,2024-07,Spa&Event,3223028000,1772665400,1450362599,0,0
P02,2024-07,Overall,11644589000,4847519292,6797069707,2608387936,4188681771
P02,2024-08,Room,5777238000,1617626640,4159611360,0,0
P02,2024-08,F&B,1127085000,1024576618,102508381,0,0
P02,2024-08,Spa&Event,2956354000,1625994700,1330359299,0,0
P02,2024-08,Overall,9860677000,4268197958,5592479041,2208791648,3383687393
P02,2024-09,Room,4054601000,1318919128,2735681871,0,0
P02,2024-09,F&B,809283000,918884098,-109601098,0,0
P02,2024-09,Spa&Event,3041431000,1672787050,1368643949,0,0
P02,2024-09,Overall,7905315000,3910590277,3994724722,1770790560,2223934162
P02,2024-10,Room,4499458000,1356194930,3143263069,0,0
P02,2024-10,F&B,863030000,938910399,-75880399,0,0
P02,2024-10,Spa&Event,2258160000,1241988000,1016172000,0,0
P02,2024-10,Overall,7620648000,3537093330,4083554669,1707025152,2376529517
P02,2024-11,Room,5049398000,1422443977,3626954022,0,0
P02,2024-11,F&B,1002453000,986042593,16410406,0,0
P02,2024-11,Spa&Event,3123789000,1718083950,1405705049,0,0
P02,2024-11,Overall,9175640000,4126570520,5049069479,2055343360,2993726119
P02,2024-12,Room,7646490000,2141017200,5505472800,0,0
P02,2024-12,F&B,1375472000,1111135720,264336279,0,0
P02,2024-12,Spa&Event,2080894000,1144491700,936402300,0,0
P02,2024-12,Overall,11102856000,4396644620,6706211379,2487039744,4219171635
P02,2025-01,Room,7247358000,2029260240,5218097760,0,0
P02,2025-01,F&B,1325990000,1104223722,221766277,0,0
P02,2025-01,Spa&Event,3432343000,1887788650,1544554349,0,0
P02,2025-01,Overall,12005691000,5021272612,6984418387,2689274784,4295143603
P02,2025-02,Room,3424236000,1253716874,2170519125,0,0
P02,2025-02,F&B,812025000,964897694,-152872694,0,0
P02,2025-02,Spa&Event,3175600000,1746580000,1429019999,0,0
P02,2025-02,Overall,7411861000,3965194568,3446666431,1660256864,1786409567
P02,2025-03,Room,4523208000,2288863487,2234344512,0,0
P02,2025-03,F&B,870642000,1581281948,-710639948,0,0
P02,2025-03,Spa&Event,2729550000,1501252500,1228297499,0,0
P02,2025-03,Overall,8123400000,5371397935,2752002064,1819641600,932360464
P02,2025-04,Room,5325758000,1491212240,3834545760,0,0
P02,2025-04,F&B,989624000,1052793966,-63169966,0,0
P02,2025-04,Spa&Event,2149358000,1182146900,967211100,0,0
P02,2025-04,Overall,8464740000,3726153106,4738586893,1896101760,2842485133
P02,2025-05,Room,5398720000,1511641600,3887078400,0,0
P02,2025-05,F&B,1019111000,1054228071,-35117071,0,0
P02,2025-05,Spa&Event,5287967000,2908381850,2379585150,0,0
P02,2025-05,Overall,11705798000,5474251521,6231546478,2622098752,3609447726
P02,2025-06,Room,6337171000,1774407880,4562763120,0,0
P02,2025-06,F&B,1167200000,1094223917,72976082,0,0
P02,2025-06,Spa&Event,5615968000,3088782400,2527185599,0,0
P02,2025-06,Overall,13120339000,5957414197,7162924802,2938955936,4223968866
P02,2025-07,Room,6930275000,1940477000,4989798000,0,0
P02,2025-07,F&B,1258202000,1119446916,138755083,0,0
P02,2025-07,Spa&Event,3241171000,1782644050,1458526949,0,0
P02,2025-07,Overall,11429648000,4842567966,6587080033,2560241152,4026838881
P02,2025-08,Room,5974520000,1672865600,4301654400,0,0
P02,2025-08,F&B,1135696000,1095624841,40071158,0,0
P02,2025-08,Spa&Event,1018383000,560110650,458272350,0,0
P02,2025-08,Overall,8128599000,3328601091,4799997908,1820806176,2979191732
P02,2025-09,Room,4290162000,1431984717,2858177282,0,0
P02,2025-09,F&B,861776000,977752891,-115976891,0,0
P02,2025-09,Spa&Event,1894389000,1041913950,852475049,0,0
P02,2025-09,Overall,7046327000,3451651559,3594675440,1578377248,2016298192
P02,2025-10,Room,4695457000,1481666301,3213790698,0,0
P02,2025-10,F&B,937814000,1011601024,-73787024,0,0
P02,2025-10,Spa&Event,3605340000,1982937000,1622402999,0,0
P02,2025-10,Overall,9238611000,4476204325,4762406674,2069448864,2692957810
P02,2025-11,Room,5290761000,1562167138,3728593861,0,0
P02,2025-11,F&B,1049805000,1033527802,16277197,0,0
P02,2025-11,Spa&Event,3174913000,1746202150,1428710849,0,0
P02,2025-11,Overall,9515479000,4341897090,5173581909,2131467296,3042114613
P02,2025-12,Room,7741830000,2167712400,5574117600,0,0
P02,2025-12,F&B,1379628000,1132118185,247509814,0,0
P02,2025-12,Spa&Event,4899200000,2694560000,2204640000,0,0
P02,2025-12,Overall,14020658000,5994390585,8026267414,3140627392,4885640022
P02,2026-01,Room,7369747000,2063529160,5306217840,0,0
P02,2026-01,F&B,1339874000,1114671477,225202522,0,0
P02,2026-01,Spa&Event,3159815000,1737898250,1421916749,0,0
P02,2026-01,Overall,11869436000,4916098887,6953337112,2658753664,4294583448
P02,2026-02,Room,4074170000,1463134547,2611035452,0,0
P02,2026-02,F&B,826494000,946724558,-120230558,0,0
P02,2026-02,Spa&Event,3910363000,2150699650,1759663350,0,0
P02,2026-02,Overall,8811027000,4560558756,4250468243,1973670048,2276798195
P02,2026-03,Room,4691882000,2473044748,2218837251,0,0
P02,2026-03,F&B,922559000,1556161831,-633602831,0,0
P02,2026-03,Spa&Event,4944765000,2719620750,2225144250,0,0
P02,2026-03,Overall,10559206000,6748827329,3810378670,2365262144,1445116526
P02,2026-04,Room,5291540000,1560936451,3730603548,0,0
P02,2026-04,F&B,993604000,1006690293,-13086293,0,0
P02,2026-04,Spa&Event,2909886000,1600437300,1309448699,0,0
P02,2026-04,Overall,9195030000,4168064045,5026965954,2059686720,2967279234
P02,2026-05,Room,5754687000,1611312360,4143374640,0,0
P02,2026-05,F&B,1116037000,1057342208,58694791,0,0
P02,2026-05,Spa&Event,2647455000,1456100250,1191354750,0,0
P02,2026-05,Overall,9518179000,4124754818,5393424181,2132072096,3261352085
P02,2026-06,Room,6467273000,1810836440,4656436560,0,0
P02,2026-06,F&B,1210854000,1086732918,124121081,0,0
P02,2026-06,Spa&Event,2119346000,1165640300,953705700,0,0
P02,2026-06,Overall,9797473000,4063209658,5734263341,2194633952,3539629389
P03,2023-07,Room,2000567000,560158760,1440408240,0,0
P03,2023-07,F&B,347428000,273222806,74205193,0,0
P03,2023-07,Spa&Event,556428000,306035400,250392600,0,0
P03,2023-07,Overall,2904423000,1139416966,1765006033,650590752,1114415281
P03,2023-08,Room,1525923000,427258440,1098664560,0,0
P03,2023-08,F&B,262625000,243015994,19609005,0,0
P03,2023-08,Spa&Event,441344000,242739200,198604799,0,0
P03,2023-08,Overall,2229892000,913013634,1316878365,499495808,817382557
P03,2023-09,Room,1085006000,368798719,716207280,0,0
P03,2023-09,F&B,201600000,226188870,-24588870,0,0
P03,2023-09,Spa&Event,439365000,241650750,197714249,0,0
P03,2023-09,Overall,1725971000,836638339,889332660,388381200,500951460
P03,2023-10,Room,1220163000,384295428,835867571,0,0
P03,2023-10,F&B,222970000,234080122,-11110122,0,0
P03,2023-10,Spa&Event,412147000,226680850,185466149,0,0
P03,2023-10,Overall,1855280000,845056400,1010223599,415582720,594640879
P03,2023-11,Room,1324407000,386722481,937684518,0,0
P03,2023-11,F&B,251598000,243466291,8131708,0,0
P03,2023-11,Spa&Event,638436000,351139800,287296200,0,0
P03,2023-11,Overall,2214441000,981328573,1233112426,496034784,737077642
P03,2023-12,Room,2061279000,577158120,1484120880,0,0
P03,2023-12,F&B,355104000,282168804,72935195,0,0
P03,2023-12,Spa&Event,382901000,210595550,172305449,0,0
P03,2023-12,Overall,2799284000,1069922474,1729361525,627039616,1102321909
P03,2024-01,Room,1772145000,496200600,1275944400,0,0
P03,2024-01,F&B,317310000,273425081,43884918,0,0
P03,2024-01,Spa&Event,626025000,344313750,281711250,0,0
P03,2024-01,Overall,2715480000,1113939431,1601540568,608267520,993273048
P03,2024-02,Room,1117029000,375882027,741146972,0,0
P03,2024-02,F&B,209376000,237110670,-27734670,0,0
P03,2024-02,Spa&Event,436979000,240338450,196640549,0,0
P03,2024-02,Overall,1763384000,853331147,910052852,394998016,515054836
P03,2024-03,Room,1235763000,646903471,588859528,0,0
P03,2024-03,F&B,239370000,387327123,-147957123,0,0
P03,2024-03,Spa&Event,667830000,367306500,300523500,0,0
P03,2024-03,Overall,2142963000,1401537095,741425904,480023712,261402192
P03,2024-04,Room,1420409000,409601346,1010807653,0,0
P03,2024-04,F&B,263467000,256660585,6806414,0,0
P03,2024-04,Spa&Event,623560000,342958000,280602000,0,0
P03,2024-04,Overall,2307436000,1009219931,1298216068,516865664,781350404
P03,2024-05,Room,1453741000,414081090,1039659909,0,0
P03,2024-05,F&B,255262000,254284717,977282,0,0
P03,2024-05,Spa&Event,480150000,264082500,216067499,0,0
P03,2024-05,Overall,2189153000,932448308,1256704691,491991600,764713091
P03,2024-06,Room,1770067000,495618760,1274448240,0,0
P03,2024-06,F&B,297117000,269034350,28082649,0,0
P03,2024-06,Spa&Event,519378000,285657900,233720100,0,0
P03,2024-06,Overall,2586562000,1050311010,1536250989,579389888,956861101
P03,2024-07,Room,2005714000,561599920,1444114080,0,0
P03,2024-07,F&B,365374000,293845643,71528356,0,0
P03,2024-07,Spa&Event,402132000,221172600,180959399,0,0
P03,2024-07,Overall,2773220000,1076618163,1696601836,621201280,1075400556
P03,2024-08,Room,1629708000,456318240,1173389760,0,0
P03,2024-08,F&B,307431000,277256689,30174310,0,0
P03,2024-08,Spa&Event,426254000,234439700,191814299,0,0
P03,2024-08,Overall,2363393000,968014629,1395378370,529400032,865978338
P03,2024-09,Room,1201577000,397330427,804246572,0,0
P03,2024-09,F&B,231321000,252851389,-21530389,0,0
P03,2024-09,Spa&Event,906047000,498325850,407721149,0,0
P03,2024-09,Overall,2338945000,1148507667,1190437332,523923680,666513652
P03,2024-10,Room,1250079000,401048393,849030606,0,0
P03,2024-10,F&B,232831000,253712910,-20881910,0,0
P03,2024-10,Spa&Event,891603000,490381650,401221349,0,0
P03,2024-10,Overall,2374513000,1145142954,1229370045,531890912,697479133
P03,2024-11,Room,1419425000,408383562,1011041437,0,0
P03,2024-11,F&B,272941000,266351086,6589913,0,0
P03,2024-11,Spa&Event,498277000,274052350,224224650,0,0
P03,2024-11,Overall,2190643000,948786998,1241856001,492100600,749755401
P03,2024-12,Room,2077423000,581678440,1495744560,0,0
P03,2024-12,F&B,338347000,284832040,53514959,0,0
P03,2024-12,Spa&Event,467149000,256931950,210217049,0,0
P03,2024-12,Overall,2882919000,1123442430,1759476569,645773856,1113702713
P03,2025-01,Room,1949528000,545867840,1403660160,0,0
P03,2025-01,F&B,358201000,300877140,57323859,0,0
P03,2025-01,Spa&Event,585434000,321988700,263445300,0,0
P03,2025-01,Overall,2893163000,1168733680,1724429319,648068512,1076360807
P03,2025-02,Room,1080342000,383655090,696686909,0,0
P03,2025-02,F&B,221134000,254890936,-33756936,0,0
P03,2025-02,Spa&Event,324765000,178620750,146144250,0,0
P03,2025-02,Overall,1626241000,817166776,809074223,364277984,444796239
P03,2025-03,Room,1308465000,676951967,631513032,0,0
P03,2025-03,F&B,245074000,406327091,-161253091,0,0
P03,2025-03,Spa&Event,467265000,256995750,210269249,0,0
P03,2025-03,Overall,2020804000,1340274809,680529190,452660096,227869094
P03,2025-04,Room,1432452000,434960960,997491039,0,0
P03,2025-04,F&B,261134000,267824058,-6690058,0,0
P03,2025-04,Spa&Event,414576000,228016800,186559199,0,0
P03,2025-04,Overall,2108162000,930801818,1177360181,472228288,705131893
P03,2025-05,Room,1515477000,446889201,1068587798,0,0
P03,2025-05,F&B,274305000,274969638,-664638,0,0
P03,2025-05,Spa&Event,451561000,248358550,203202449,0,0
P03,2025-05,Overall,2241343000,970217390,1271125609,502060832,769064777
P03,2025-06,Room,1821736000,510086080,1311649920,0,0
P03,2025-06,F&B,318575000,290555547,28019452,0,0
P03,2025-06,Spa&Event,734462000,403954100,330507899,0,0
P03,2025-06,Overall,2874773000,1204595727,1670177272,643949152,1026228120
P03,2025-07,Room,2055591000,575565480,1480025520,0,0
P03,2025-07,F&B,371373000,310915360,60457639,0,0
P03,2025-07,Spa&Event,580391000,319215050,261175950,0,0
P03,2025-07,Overall,3007355000,1205695890,1801659109,673647520,1128011589
P03,2025-08,Room,1695483000,474735240,1220747760,0,0
P03,2025-08,F&B,298223000,285019158,13203841,0,0
P03,2025-08,Spa&Event,822639000,452451450,370187549,0,0
P03,2025-08,Overall,2816345000,1212205848,1604139151,630861280,973277871
P03,2025-09,Room,1173175000,431043800,742131199,0,0
P03,2025-09,F&B,226203000,261145406,-34942406,0,0
P03,2025-09,Spa&Event,655218000,360369900,294848100,0,0
P03,2025-09,Overall,2054596000,1052559106,1002036893,460229504,541807389
P03,2025-10,Room,1266138000,442878020,823259979,0,0
P03,2025-10,F&B,237078000,267226053,-30148053,0,0
P03,2025-10,Spa&Event,602018000,331109900,270908100,0,0
P03,2025-10,Overall,2105234000,1041213973,1064020026,471572416,592447610
P03,2025-11,Room,1483158000,465825192,1017332807,0,0
P03,2025-11,F&B,282893000,292071467,-9178467,0,0
P03,2025-11,Spa&Event,932450000,512847500,419602499,0,0
P03,2025-11,Overall,2698501000,1270744159,1427756840,604464224,823292616
P03,2025-12,Room,2175422000,609118160,1566303840,0,0
P03,2025-12,F&B,374132000,314380177,59751822,0,0
P03,2025-12,Spa&Event,837507000,460628850,376878149,0,0
P03,2025-12,Overall,3387061000,1384127187,2002933812,758701664,1244232148
P03,2026-01,Room,2008185000,562291800,1445893200,0,0
P03,2026-01,F&B,358804000,304301391,54502608,0,0
P03,2026-01,Spa&Event,690248000,379636400,310611599,0,0
P03,2026-01,Overall,3057237000,1246229591,1811007408,684821088,1126186320
P03,2026-02,Room,1115580000,432257111,683322888,0,0
P03,2026-02,F&B,201409000,246267319,-44858319,0,0
P03,2026-02,Spa&Event,923414000,507877700,415536299,0,0
P03,2026-02,Overall,2240403000,1186402130,1054000869,501850272,552150597
P03,2026-03,Room,1330166000,765508902,564657097,0,0
P03,2026-03,F&B,257578000,425604389,-168026389,0,0
P03,2026-03,Spa&Event,658554000,362204700,296349300,0,0
P03,2026-03,Overall,2246298000,1553317992,692980007,503170752,189809255
P03,2026-04,Room,1516869000,476018598,1040850401,0,0
P03,2026-04,F&B,271103000,275633924,-4530924,0,0
P03,2026-04,Spa&Event,286456000,157550800,128905200,0,0
P03,2026-04,Overall,2074428000,909203323,1165224676,464671872,700552804
P03,2026-05,Room,1593461000,484476021,1108984978,0,0
P03,2026-05,F&B,299392000,286256017,13135982,0,0
P03,2026-05,Spa&Event,365682000,201125100,164556899,0,0
P03,2026-05,Overall,2258535000,971857138,1286677861,505911840,780766021
P03,2026-06,Room,1805613000,505571640,1300041360,0,0
P03,2026-06,F&B,318405000,290098156,28306843,0,0
P03,2026-06,Spa&Event,827002000,454851100,372150899,0,0
P03,2026-06,Overall,2951020000,1250520896,1700499103,661028480,1039470623
P04,2023-07,Room,2766582000,774642960,1991939040,0,0
P04,2023-07,F&B,513122000,303837163,209284836,0,0
P04,2023-07,Spa&Event,670292000,368660600,301631400,0,0
P04,2023-07,Overall,3949996000,1447140723,2502855276,884799104,1618056172
P04,2023-08,Room,2038226000,570703280,1467522720,0,0
P04,2023-08,F&B,410015000,273748156,136266843,0,0
P04,2023-08,Spa&Event,745614000,410087700,335526299,0,0
P04,2023-08,Overall,3193855000,1254539136,1939315863,715423520,1223892343
P04,2023-09,Room,1597560000,447316800,1150243200,0,0
P04,2023-09,F&B,325435000,246047840,79387159,0,0
P04,2023-09,Spa&Event,874522000,480987100,393534899,0,0
P04,2023-09,Overall,2797517000,1174351740,1623165259,626643808,996521451
P04,2023-10,Room,1596422000,446998160,1149423840,0,0
P04,2023-10,F&B,339971000,254993906,84977093,0,0
P04,2023-10,Spa&Event,991989000,545593950,446395050,0,0
P04,2023-10,Overall,2928382000,1247586016,1680795983,655957568,1024838415
P04,2023-11,Room,1797775000,503377000,1294398000,0,0
P04,2023-11,F&B,360000000,257870426,102129573,0,0
P04,2023-11,Spa&Event,630971000,347034050,283936950,0,0
P04,2023-11,Overall,2788746000,1108281476,1680464523,624679104,1055785419
P04,2023-12,Room,2837755000,794571400,2043183600,0,0
P04,2023-12,F&B,511603000,308663829,202939170,0,0
P04,2023-12,Spa&Event,552008000,303604400,248403600,0,0
P04,2023-12,Overall,3901366000,1406839629,2494526370,873905984,1620620386
P04,2024-01,Room,2553975000,715113000,1838862000,0,0
P04,2024-01,F&B,484853000,303590647,181262352,0,0
P04,2024-01,Spa&Event,746379000,410508450,335870549,0,0
P04,2024-01,Overall,3785207000,1429212097,2355994902,847886368,1508108534
P04,2024-02,Room,1437124000,420131986,1016992013,0,0
P04,2024-02,F&B,303049000,243594550,59454449,0,0
P04,2024-02,Spa&Event,394563000,217009650,177553349,0,0
P04,2024-02,Overall,2134736000,880736187,1253999812,478180864,775818948
P04,2024-03,Room,1745773000,723966282,1021806717,0,0
P04,2024-03,F&B,350057000,372443038,-22386038,0,0
P04,2024-03,Spa&Event,624375000,343406250,280968750,0,0
P04,2024-03,Overall,2720205000,1439815571,1280389428,609325920,671063508
P04,2024-04,Room,1900803000,532224840,1368578160,0,0
P04,2024-04,F&B,391198000,275299520,115898479,0,0
P04,2024-04,Spa&Event,569987000,313492850,256494150,0,0
P04,2024-04,Overall,2861988000,1121017210,1740970789,641085312,1099885477
P04,2024-05,Room,2038734000,570845520,1467888480,0,0
P04,2024-05,F&B,399492000,278526844,120965155,0,0
P04,2024-05,Spa&Event,591253000,325189150,266063850,0,0
P04,2024-05,Overall,3029479000,1174561514,1854917485,678603296,1176314189
P04,2024-06,Room,2331713000,652879640,1678833360,0,0
P04,2024-06,F&B,458507000,297414171,161092828,0,0
P04,2024-06,Spa&Event,722411000,397326050,325084949,0,0
P04,2024-06,Overall,3512631000,1347619861,2165011138,786829344,1378181794
P04,2024-07,Room,2815166000,788246480,2026919520,0,0
P04,2024-07,F&B,527677000,323859654,203817345,0,0
P04,2024-07,Spa&Event,1117774000,614775700,502998300,0,0
P04,2024-07,Overall,4460617000,1726881834,2733735165,999178208,1734556957
P04,2024-08,Room,2231285000,624759800,1606525200,0,0
P04,2024-08,F&B,458517000,301044424,157472575,0,0
P04,2024-08,Spa&Event,1052980000,579139000,473841000,0,0
P04,2024-08,Overall,3742782000,1504943224,2237838775,838383168,1399455607
P04,2024-09,Room,1578881000,444194338,1134686661,0,0
P04,2024-09,F&B,323199000,251929769,71269230,0,0
P04,2024-09,Spa&Event,618381000,340109550,278271450,0,0
P04,2024-09,Overall,2520461000,1036233658,1484227341,564583264,919644077
P04,2024-10,Room,1589412000,447557050,1141854949,0,0
P04,2024-10,F&B,329293000,255725870,73567129,0,0
P04,2024-10,Spa&Event,522770000,287523500,235246500,0,0
P04,2024-10,Overall,2441475000,990806421,1450668578,546890400,903778178
P04,2024-11,Room,1951354000,546379120,1404974880,0,0
P04,2024-11,F&B,386475000,273684000,112790999,0,0
P04,2024-11,Spa&Event,677199000,372459450,304739549,0,0
P04,2024-11,Overall,3015028000,1192522570,1822505429,675366272,1147139157
P04,2024-12,Room,2766476000,774613280,1991862720,0,0
P04,2024-12,F&B,522389000,315022511,207366488,0,0
P04,2024-12,Spa&Event,705233000,387878150,317354849,0,0
P04,2024-12,Overall,3994098000,1477513941,2516584058,894677952,1621906106
P04,2025-01,Room,2731751000,764890280,1966860720,0,0
P04,2025-01,F&B,512516000,313162083,199353916,0,0
P04,2025-01,Spa&Event,829870000,456428500,373441499,0,0
P04,2025-01,Overall,4074137000,1534480863,2539656136,912606688,1627049448
P04,2025-02,Room,1462934000,467182534,995751465,0,0
P04,2025-02,F&B,305237000,241511765,63725234,0,0
P04,2025-02,Spa&Event,502269000,276247950,226021050,0,0
P04,2025-02,Overall,2270440000,984942249,1285497750,508578560,776919190
P04,2025-03,Room,1761088000,799764757,961323242,0,0
P04,2025-03,F&B,369096000,380728975,-11632975,0,0
P04,2025-03,Spa&Event,479484000,263716200,215767799,0,0
P04,2025-03,Overall,2609668000,1444209932,1165458067,584565632,580892435
P04,2025-04,Room,2001243000,560348040,1440894960,0,0
P04,2025-04,F&B,386528000,275798326,110729673,0,0
P04,2025-04,Spa&Event,1022448000,562346400,460101600,0,0
P04,2025-04,Overall,3410219000,1398492766,2011726233,763889056,1247837177
P04,2025-05,Room,2212316000,619448480,1592867520,0,0
P04,2025-05,F&B,452326000,298752674,153573325,0,0
P04,2025-05,Spa&Event,450835000,247959250,202875749,0,0
P04,2025-05,Overall,3115477000,1166160404,1949316595,697866848,1251449747
P04,2025-06,Room,2372234000,664225520,1708008480,0,0
P04,2025-06,F&B,476131000,305619831,170511168,0,0
P04,2025-06,Spa&Event,679032000,373467600,305564399,0,0
P04,2025-06,Overall,3527397000,1343312951,2184084048,790136928,1393947120
P04,2025-07,Room,2865997000,802479160,2063517840,0,0
P04,2025-07,F&B,531513000,325541164,205971835,0,0
P04,2025-07,Spa&Event,1067761000,587268550,480492450,0,0
P04,2025-07,Overall,4465271000,1715288874,2749982125,1000220704,1749761421
P04,2025-08,Room,2229856000,624359680,1605496320,0,0
P04,2025-08,F&B,472076000,305821269,166254730,0,0
P04,2025-08,Spa&Event,421898000,232043900,189854099,0,0
P04,2025-08,Overall,3123830000,1162224849,1961605150,699737920,1261867230
P04,2025-09,Room,1610898000,498611878,1112286121,0,0
P04,2025-09,F&B,332687000,254034714,78652285,0,0
P04,2025-09,Spa&Event,558960000,307428000,251532000,0,0
P04,2025-09,Overall,2502545000,1060074593,1442470406,560570080,881900326
P04,2025-10,Room,1876126000,525315280,1350810720,0,0
P04,2025-10,F&B,368357000,270926214,97430785,0,0
P04,2025-10,Spa&Event,473312000,260321600,212990399,0,0
P04,2025-10,Overall,2717795000,1056563094,1661231905,608786080,1052445825
P04,2025-11,Room,1969967000,551590760,1418376240,0,0
P04,2025-11,F&B,401288000,285392421,115895578,0,0
P04,2025-11,Spa&Event,928663000,510764650,417898349,0,0
P04,2025-11,Overall,3299918000,1347747831,1952170168,739181632,1212988536
P04,2025-12,Room,2810423000,786918440,2023504560,0,0
P04,2025-12,F&B,524011000,321546825,202464174,0,0
P04,2025-12,Spa&Event,1557072000,856389600,700682399,0,0
P04,2025-12,Overall,4891506000,1964854865,2926651134,1095697344,1830953790
P04,2026-01,Room,2680678000,750589840,1930088160,0,0
P04,2026-01,F&B,523615000,322765833,200849166,0,0
P04,2026-01,Spa&Event,419827000,230904850,188922149,0,0
P04,2026-01,Overall,3624120000,1304260523,2319859476,811802880,1508056596
P04,2026-02,Room,1570740000,493058715,1077681284,0,0
P04,2026-02,F&B,312419000,252613214,59805785,0,0
P04,2026-02,Spa&Event,647736000,356254800,291481200,0,0
P04,2026-02,Overall,2530895000,1101926730,1428968269,566920480,862047789
P04,2026-03,Room,1726978000,848543352,878434647,0,0
P04,2026-03,F&B,356254000,389545827,-33291827,0,0
P04,2026-03,Spa&Event,512781000,282029550,230751450,0,0
P04,2026-03,Overall,2596013000,1520118730,1075894269,581506912,494387357
P04,2026-04,Room,1958482000,548374960,1410107040,0,0
P04,2026-04,F&B,399386000,289327448,110058551,0,0
P04,2026-04,Spa&Event,563563000,309959650,253603350,0,0
P04,2026-04,Overall,2921431000,1147662058,1773768941,654400544,1119368397
P04,2026-05,Room,2142173000,599808440,1542364560,0,0
P04,2026-05,F&B,444572000,308156495,136415504,0,0
P04,2026-05,Spa&Event,1077013000,592357150,484655850,0,0
P04,2026-05,Overall,3663758000,1500322085,2163435914,820681792,1342754122
P04,2026-06,Room,2389538000,669070640,1720467360,0,0
P04,2026-06,F&B,476534000,316735074,159798925,0,0
P04,2026-06,Spa&Event,782475000,430361250,352113749,0,0
P04,2026-06,Overall,3648547000,1416166964,2232380035,817274528,1415105507
P05,2023-07,Room,3506029000,981688120,2524340880,0,0
P05,2023-07,F&B,289850000,197152739,92697260,0,0
P05,2023-07,Spa&Event,600791000,330435050,270355950,0,0
P05,2023-07,Overall,4396670000,1509275909,2887394090,984854080,1902540010
P05,2023-08,Room,2675531000,749148680,1926382320,0,0
P05,2023-08,F&B,253047000,183597375,69449624,0,0
P05,2023-08,Spa&Event,596747000,328210850,268536150,0,0
P05,2023-08,Overall,3525325000,1260956905,2264368094,789672800,1474695294
P05,2023-09,Room,2040760000,571412800,1469347200,0,0
P05,2023-09,F&B,201754000,169094980,32659019,0,0
P05,2023-09,Spa&Event,386780000,212729000,174050999,0,0
P05,2023-09,Overall,2629294000,953236780,1676057219,588961856,1087095363
P05,2023-10,Room,2211991000,619357480,1592633520,0,0
P05,2023-10,F&B,209523000,171719673,37803326,0,0
P05,2023-10,Spa&Event,487918000,268354900,219563099,0,0
P05,2023-10,Overall,2909432000,1059432053,1849999946,651712768,1198287178
P05,2023-11,Room,2394292000,670401760,1723890240,0,0
P05,2023-11,F&B,214554000,172822755,41731244,0,0
P05,2023-11,Spa&Event,482548000,265401400,217146599,0,0
P05,2023-11,Overall,3091394000,1108625915,1982768084,692472256,1290295828
P05,2023-12,Room,3558027000,996247560,2561779440,0,0
P05,2023-12,F&B,322090000,208290614,113799385,0,0
P05,2023-12,Spa&Event,470995000,259047250,211947749,0,0
P05,2023-12,Overall,4351112000,1463585424,2887526575,974649088,1912877487
P05,2024-01,Room,3303087000,924864360,2378222640,0,0
P05,2024-01,F&B,281361000,167223099,114137900,0,0
P05,2024-01,Spa&Event,551708000,303439400,248268600,0,0
P05,2024-01,Overall,4136156000,1395526859,2740629140,926498944,1814130196
P05,2024-02,Room,1833636000,513418080,1320217920,0,0
P05,2024-02,F&B,173286000,130491096,42794903,0,0
P05,2024-02,Spa&Event,432441000,237842550,194598449,0,0
P05,2024-02,Overall,2439363000,881751726,1557611273,546417312,1011193961
P05,2024-03,Room,2256943000,631944040,1624998960,0,0
P05,2024-03,F&B,208668000,195518948,13149051,0,0
P05,2024-03,Spa&Event,394515000,216983250,177531749,0,0
P05,2024-03,Overall,2860126000,1044446238,1815679761,640668224,1175011537
P05,2024-04,Room,2470168000,691647040,1778520960,0,0
P05,2024-04,F&B,221510000,147387787,74122212,0,0
P05,2024-04,Spa&Event,352000000,193600000,158399999,0,0
P05,2024-04,Overall,3043678000,1032634827,2011043172,681783872,1329259300
P05,2024-05,Room,2634701000,737716280,1896984720,0,0
P05,2024-05,F&B,240752000,154926684,85825315,0,0
P05,2024-05,Spa&Event,571676000,314421800,257254200,0,0
P05,2024-05,Overall,3447129000,1207064764,2240064235,772156896,1467907339
P05,2024-06,Room,2938039000,822650920,2115388080,0,0
P05,2024-06,F&B,273971000,167317767,106653232,0,0
P05,2024-06,Spa&Event,295190000,162354500,132835500,0,0
P05,2024-06,Overall,3507200000,1152323187,2354876812,785612800,1569264012
P05,2024-07,Room,3568978000,999313840,2569664160,0,0
P05,2024-07,F&B,312498000,178364370,134133629,0,0
P05,2024-07,Spa&Event,623196000,342757800,280438200,0,0
P05,2024-07,Overall,4504672000,1520436010,2984235989,1009046528,1975189461
P05,2024-08,Room,2809981000,786794680,2023186320,0,0
P05,2024-08,F&B,241522000,155556709,85965290,0,0
P05,2024-08,Spa&Event,428438000,235640900,192797099,0,0
P05,2024-08,Overall,3479941000,1177992289,2301948710,779506784,1522441926
P05,2024-09,Room,1914902000,536172560,1378729440,0,0
P05,2024-09,F&B,197189000,142482706,54706293,0,0
P05,2024-09,Spa&Event,762546000,419400300,343145699,0,0
P05,2024-09,Overall,2874637000,1098055566,1776581433,643918688,1132662745
P05,2024-10,Room,2357974000,660232720,1697741280,0,0
P05,2024-10,F&B,214323000,150470897,63852102,0,0
P05,2024-10,Spa&Event,740520000,407286000,333233999,0,0
P05,2024-10,Overall,3312817000,1217989617,2094827382,742071008,1352756374
P05,2024-11,Room,2589908000,725174240,1864733760,0,0
P05,2024-11,F&B,239089000,158590920,80498079,0,0
P05,2024-11,Spa&Event,901369000,495752950,405616049,0,0
P05,2024-11,Overall,3730366000,1379518110,2350847889,835601984,1515245905
P05,2024-12,Room,3600067000,1008018760,2592048240,0,0
P05,2024-12,F&B,302019000,177066813,124952186,0,0
P05,2024-12,Spa&Event,673460000,370403000,303056999,0,0
P05,2024-12,Overall,4575546000,1555488573,3020057426,1024922304,1995135122
P05,2025-01,Room,3470701000,971796280,2498904720,0,0
P05,2025-01,F&B,299320000,179605092,119714907,0,0
P05,2025-01,Spa&Event,461622000,253892100,207729899,0,0
P05,2025-01,Overall,4231643000,1405293472,2826349527,947888032,1878461495
P05,2025-02,Room,1872367000,524262760,1348104240,0,0
P05,2025-02,F&B,183524000,140025756,43498243,0,0
P05,2025-02,Spa&Event,373472000,205409600,168062399,0,0
P05,2025-02,Overall,2429363000,869698116,1559664883,544177312,1015487571
P05,2025-03,Room,2359003000,660520840,1698482160,0,0
P05,2025-03,F&B,212327000,211137485,1189514,0,0
P05,2025-03,Spa&Event,378603000,208231650,170371349,0,0
P05,2025-03,Overall,2949933000,1079889975,1870043024,660784992,1209258032
P05,2025-04,Room,2621877000,734125560,1887751440,0,0
P05,2025-04,F&B,239482000,163434098,76047901,0,0
P05,2025-04,Spa&Event,289763000,159369650,130393350,0,0
P05,2025-04,Overall,3151122000,1056929308,2094192691,705851328,1388341363
P05,2025-05,Room,2885735000,808005800,2077729200,0,0
P05,2025-05,F&B,239677000,160635189,79041810,0,0
P05,2025-05,Spa&Event,1008747000,554810850,453936150,0,0
P05,2025-05,Overall,4134159000,1523451839,2610707160,926051616,1684655544
P05,2025-06,Room,3191935000,893741800,2298193200,0,0
P05,2025-06,F&B,265419000,168552223,96866776,0,0
P05,2025-06,Spa&Event,651170000,358143500,293026500,0,0
P05,2025-06,Overall,4108524000,1420437523,2688086476,920309376,1767777100
P05,2025-07,Room,3534988000,989796640,2545191360,0,0
P05,2025-07,F&B,303912000,187485937,116426062,0,0
P05,2025-07,Spa&Event,812665000,446965750,365699249,0,0
P05,2025-07,Overall,4651565000,1624248327,3027316672,1041950560,1985366112
P05,2025-08,Room,2871345000,803976600,2067368400,0,0
P05,2025-08,F&B,270480000,174369043,96110956,0,0
P05,2025-08,Spa&Event,574625000,316043750,258581250,0,0
P05,2025-08,Overall,3716450000,1294389393,2422060606,832484800,1589575806
P05,2025-09,Room,2237203000,626416840,1610786160,0,0
P05,2025-09,F&B,217232000,156226480,61005519,0,0
P05,2025-09,Spa&Event,265339000,145936450,119402550,0,0
P05,2025-09,Overall,2719774000,928579770,1791194229,609229376,1181964853
P05,2025-10,Room,2343236000,656106080,1687129920,0,0
P05,2025-10,F&B,220709000,158954304,61754695,0,0
P05,2025-10,Spa&Event,478509000,263179950,215329049,0,0
P05,2025-10,Overall,3042454000,1078240334,1964213665,681509696,1282703969
P05,2025-11,Room,2502586000,700724080,1801861920,0,0
P05,2025-11,F&B,233631000,164817210,68813789,0,0
P05,2025-11,Spa&Event,661821000,364001550,297819450,0,0
P05,2025-11,Overall,3398038000,1229542840,2168495159,761160512,1407334647
P05,2025-12,Room,3892152000,1089802560,2802349440,0,0
P05,2025-12,F&B,315936000,195545824,120390175,0,0
P05,2025-12,Spa&Event,842315000,463273250,379041749,0,0
P05,2025-12,Overall,5050403000,1748621634,3301781365,1131290272,2170491093
P05,2026-01,Room,3592652000,1005942560,2586709440,0,0
P05,2026-01,F&B,293139000,182147590,110991409,0,0
P05,2026-01,Spa&Event,431781000,237479550,194301449,0,0
P05,2026-01,Overall,4317572000,1425569700,2892002299,967136128,1924866171
P05,2026-02,Room,2057387000,576068360,1481318640,0,0
P05,2026-02,F&B,185060000,149898284,35161715,0,0
P05,2026-02,Spa&Event,427006000,234853300,192152699,0,0
P05,2026-02,Overall,2669453000,960819944,1708633055,597957472,1110675583
P05,2026-03,Room,2178443000,650481391,1527961608,0,0
P05,2026-03,F&B,203735000,222124257,-18389257,0,0
P05,2026-03,Spa&Event,416861000,229273550,187587449,0,0
P05,2026-03,Overall,2799039000,1101879199,1697159800,626984736,1070175064
P05,2026-04,Room,2558337000,716334360,1842002640,0,0
P05,2026-04,F&B,231084000,169732410,61351589,0,0
P05,2026-04,Spa&Event,510045000,280524750,229520250,0,0
P05,2026-04,Overall,3299466000,1166591520,2132874479,739080384,1393794095
P05,2026-05,Room,2893911000,810295080,2083615920,0,0
P05,2026-05,F&B,261113000,181128798,79984201,0,0
P05,2026-05,Spa&Event,508797000,279838350,228958650,0,0
P05,2026-05,Overall,3663821000,1271262228,2392558771,820695904,1571862867
P05,2026-06,Room,3084912000,863775360,2221136640,0,0
P05,2026-06,F&B,279968000,187397350,92570649,0,0
P05,2026-06,Spa&Event,676691000,372180050,304510949,0,0
P05,2026-06,Overall,4041571000,1423352760,2618218239,905311904,1712906335
P06,2023-07,Corporate Overhead,0,408114000,-408114000,0,-408114000
P06,2023-08,Corporate Overhead,0,407218000,-407218000,0,-407218000
P06,2023-09,Corporate Overhead,0,405918000,-405918000,0,-405918000
P06,2023-10,Corporate Overhead,0,419061000,-419061000,0,-419061000
P06,2023-11,Corporate Overhead,0,407322000,-407322000,0,-407322000
P06,2023-12,Corporate Overhead,0,408935000,-408935000,0,-408935000
P06,2024-01,Corporate Overhead,0,421935000,-421935000,0,-421935000
P06,2024-02,Corporate Overhead,0,418354000,-418354000,0,-418354000
P06,2024-03,Corporate Overhead,0,794888000,-794888000,0,-794888000
P06,2024-04,Corporate Overhead,0,412438000,-412438000,0,-412438000
P06,2024-05,Corporate Overhead,0,412523000,-412523000,0,-412523000
P06,2024-06,Corporate Overhead,0,415798000,-415798000,0,-415798000
P06,2024-07,Corporate Overhead,0,437451000,-437451000,0,-437451000
P06,2024-08,Corporate Overhead,0,449960000,-449960000,0,-449960000
P06,2024-09,Corporate Overhead,0,442844000,-442844000,0,-442844000
P06,2024-10,Corporate Overhead,0,455039000,-455039000,0,-455039000
P06,2024-11,Corporate Overhead,0,440973000,-440973000,0,-440973000
P06,2024-12,Corporate Overhead,0,563394000,-563394000,0,-563394000
P06,2025-01,Corporate Overhead,0,657629000,-657629000,0,-657629000
P06,2025-02,Corporate Overhead,0,655244000,-655244000,0,-655244000
P06,2025-03,Corporate Overhead,0,1120496000,-1120496000,0,-1120496000
P06,2025-04,Corporate Overhead,0,706116000,-706116000,0,-706116000
P06,2025-05,Corporate Overhead,0,693248000,-693248000,0,-693248000
P06,2025-06,Corporate Overhead,0,670295000,-670295000,0,-670295000
P06,2025-07,Corporate Overhead,0,670248000,-670248000,0,-670248000
P06,2025-08,Corporate Overhead,0,683188000,-683188000,0,-683188000
P06,2025-09,Corporate Overhead,0,714967000,-714967000,0,-714967000
P06,2025-10,Corporate Overhead,0,690964000,-690964000,0,-690964000
P06,2025-11,Corporate Overhead,0,689445000,-689445000,0,-689445000
P06,2025-12,Corporate Overhead,0,719568000,-719568000,0,-719568000
P06,2026-01,Corporate Overhead,0,685326000,-685326000,0,-685326000
P06,2026-02,Corporate Overhead,0,690408000,-690408000,0,-690408000
P06,2026-03,Corporate Overhead,0,1366113000,-1366113000,0,-1366113000
P06,2026-04,Corporate Overhead,0,715985000,-715985000,0,-715985000
P06,2026-05,Corporate Overhead,0,714640000,-714640000,0,-714640000
P06,2026-06,Corporate Overhead,0,724912000,-724912000,0,-724912000
