ingredient_id,outlet_id,ingredient_name,unit,stock_current,stock_min_threshold,unit_cost
ING001,OUT001,Beras Premium,kg,77.31,23.96,16870.0
ING002,OUT001,Daging Sapi,kg,12.83,5.43,161010.0
ING003,OUT001,Daging Ayam,kg,50.82,42.15,42740.0
ING004,OUT001,Ikan Kakap,kg,25.08,9.61,94090.0
ING005,OUT001,Udang,kg,24.99,9.88,123940.0
ING006,OUT001,Cabai Merah,kg,13.92,10.18,54290.0
ING007,OUT001,Bawang Merah,kg,18.72,5.76,35190.0
ING008,OUT001,Bawang Putih,kg,4.62,2.12,39860.0
ING009,OUT001,Telur,kg,23.52,12.54,31310.0
ING010,OUT001,Minyak Goreng,liter,18.93,6.11,19950.0
ING011,OUT001,Tepung Terigu,kg,29.1,9.92,13580.0
ING012,OUT001,Gula Pasir,kg,10.92,5.44,17980.0
ING013,OUT001,Susu UHT,liter,6.6,8.93,24860.0
ING014,OUT001,Keju Mozzarella,kg,7.67,5.13,138420.0
ING015,OUT001,Mentega,kg,4.6,2.23,75480.0
ING016,OUT001,Kopi Arabika,kg,4.05,2.72,205740.0
ING017,OUT001,Teh Premium,kg,1.01,0.38,104960.0
ING018,OUT001,Sayuran Segar Mix,kg,101.05,34.97,20740.0
ING019,OUT001,Kentang,kg,24.85,8.97,15440.0
ING020,OUT001,Tomat,kg,3.52,4.0,14350.0
ING021,OUT001,Coklat Couverture,kg,2.74,0.97,162510.0
ING022,OUT001,Buah Segar Mix,kg,35.3,16.52,38490.0
ING024,OUT001,Soda Water,liter,30.49,19.03,9020.0
ING026,OUT001,Wine House,pcs,7.29,4.74,205630.0
ING027,OUT001,Es Batu Kristal,kg,48.28,17.27,4500.0
ING028,OUT001,Santan Kelapa,liter,18.21,7.2,22380.0
ING029,OUT001,Kecap Manis,liter,4.94,2.92,26980.0
ING030,OUT001,Rempah Mix,kg,8.6,3.96,80130.0
ING002,OUT002,Daging Sapi,kg,3.57,2.19,161010.0
ING003,OUT002,Daging Ayam,kg,2.43,5.89,42740.0
ING006,OUT002,Cabai Merah,kg,0.97,0.34,54290.0
ING007,OUT002,Bawang Merah,kg,2.2,0.69,35190.0
ING009,OUT002,Telur,kg,3.44,1.97,31310.0
ING010,OUT002,Minyak Goreng,liter,2.32,1.93,19950.0
ING011,OUT002,Tepung Terigu,kg,8.15,4.82,13580.0
ING012,OUT002,Gula Pasir,kg,2.8,2.25,17980.0
ING013,OUT002,Susu UHT,liter,3.35,1.92,24860.0
ING014,OUT002,Keju Mozzarella,kg,4.34,2.73,138420.0
ING015,OUT002,Mentega,kg,2.74,1.23,75480.0
ING016,OUT002,Kopi Arabika,kg,2.41,0.93,205740.0
ING017,OUT002,Teh Premium,kg,1.08,0.38,104960.0
ING018,OUT002,Sayuran Segar Mix,kg,14.44,5.8,20740.0
ING019,OUT002,Kentang,kg,24.09,7.73,15440.0
ING020,OUT002,Tomat,kg,1.86,1.08,14350.0
ING021,OUT002,Coklat Couverture,kg,0.38,0.47,162510.0
ING022,OUT002,Buah Segar Mix,kg,28.15,12.77,38490.0
ING023,OUT002,Sirup Cocktail,liter,18.48,8.04,60470.0
ING024,OUT002,Soda Water,liter,20.03,11.94,9020.0
ING025,OUT002,Bir Kaleng,pcs,17.43,8.5,30960.0
ING026,OUT002,Wine House,pcs,9.44,5.1,205630.0
ING027,OUT002,Es Batu Kristal,kg,58.54,38.9,4500.0
ING028,OUT002,Santan Kelapa,liter,11.19,5.66,22380.0
ING029,OUT002,Kecap Manis,liter,3.3,1.03,26980.0
ING030,OUT002,Rempah Mix,kg,0.85,0.34,80130.0
ING002,OUT003,Daging Sapi,kg,6.8,2.22,161010.0
ING003,OUT003,Daging Ayam,kg,16.26,6.03,42740.0
ING006,OUT003,Cabai Merah,kg,0.21,0.34,54290.0
ING007,OUT003,Bawang Merah,kg,0.55,0.68,35190.0
ING009,OUT003,Telur,kg,2.98,1.99,31310.0
ING010,OUT003,Minyak Goreng,liter,5.55,1.94,19950.0
ING011,OUT003,Tepung Terigu,kg,4.16,4.89,13580.0
ING012,OUT003,Gula Pasir,kg,1.15,2.25,17980.0
ING013,OUT003,Susu UHT,liter,5.6,2.14,24860.0
ING014,OUT003,Keju Mozzarella,kg,3.64,2.75,138420.0
ING015,OUT003,Mentega,kg,0.6,1.24,75480.0
ING016,OUT003,Kopi Arabika,kg,2.38,0.93,205740.0
ING017,OUT003,Teh Premium,kg,1.13,0.38,104960.0
ING018,OUT003,Sayuran Segar Mix,kg,12.84,5.87,20740.0
ING019,OUT003,Kentang,kg,14.45,7.76,15440.0
ING020,OUT003,Tomat,kg,1.29,1.09,14350.0
ING021,OUT003,Coklat Couverture,kg,0.95,0.46,162510.0
ING022,OUT003,Buah Segar Mix,kg,25.51,13.07,38490.0
ING023,OUT003,Sirup Cocktail,liter,21.48,8.11,60470.0
ING024,OUT003,Soda Water,liter,9.82,12.07,9020.0
ING025,OUT003,Bir Kaleng,pcs,15.01,8.46,30960.0
ING026,OUT003,Wine House,pcs,16.31,5.2,205630.0
ING027,OUT003,Es Batu Kristal,kg,58.43,39.2,4500.0
ING028,OUT003,Santan Kelapa,liter,14.34,5.63,22380.0
ING029,OUT003,Kecap Manis,liter,1.21,1.02,26980.0
ING030,OUT003,Rempah Mix,kg,0.73,0.34,80130.0
ING001,OUT004,Beras Premium,kg,4.28,3.26,16870.0
ING002,OUT004,Daging Sapi,kg,5.55,1.78,161010.0
ING003,OUT004,Daging Ayam,kg,19.09,6.75,42740.0
ING005,OUT004,Udang,kg,1.78,1.04,123940.0
ING006,OUT004,Cabai Merah,kg,1.2,0.83,54290.0
ING007,OUT004,Bawang Merah,kg,2.89,0.97,35190.0
ING008,OUT004,Bawang Putih,kg,0.57,0.18,39860.0
ING009,OUT004,Telur,kg,3.86,1.51,31310.0
ING010,OUT004,Minyak Goreng,liter,2.89,1.48,19950.0
ING011,OUT004,Tepung Terigu,kg,5.12,2.94,13580.0
ING012,OUT004,Gula Pasir,kg,2.8,0.87,17980.0
ING013,OUT004,Susu UHT,liter,1.37,1.57,24860.0
ING014,OUT004,Keju Mozzarella,kg,1.18,0.53,138420.0
ING015,OUT004,Mentega,kg,0.85,0.36,75480.0
ING016,OUT004,Kopi Arabika,kg,0.43,0.5,205740.0
ING017,OUT004,Teh Premium,kg,0.07,0.12,104960.0
ING018,OUT004,Sayuran Segar Mix,kg,2.16,1.8,20740.0
ING019,OUT004,Kentang,kg,12.09,4.35,15440.0
ING020,OUT004,Tomat,kg,0.08,0.23,14350.0
ING021,OUT004,Coklat Couverture,kg,1.13,0.38,162510.0
ING022,OUT004,Buah Segar Mix,kg,16.11,5.41,38490.0
ING024,OUT004,Soda Water,liter,5.26,3.77,9020.0
ING025,OUT004,Bir Kaleng,pcs,5.43,4.13,30960.0
ING027,OUT004,Es Batu Kristal,kg,13.88,4.91,4500.0
ING028,OUT004,Santan Kelapa,liter,3.07,1.07,22380.0
ING029,OUT004,Kecap Manis,liter,2.74,1.06,26980.0
ING030,OUT004,Rempah Mix,kg,1.0,0.47,80130.0
ING001,OUT005,Beras Premium,kg,57.6,25.78,16870.0
ING002,OUT005,Daging Sapi,kg,8.26,6.07,161010.0
ING003,OUT005,Daging Ayam,kg,26.08,45.59,42740.0
ING004,OUT005,Ikan Kakap,kg,30.26,10.36,94090.0
ING005,OUT005,Udang,kg,25.06,11.07,123940.0
ING006,OUT005,Cabai Merah,kg,5.24,11.1,54290.0
ING007,OUT005,Bawang Merah,kg,3.87,6.23,35190.0
ING008,OUT005,Bawang Putih,kg,4.63,2.34,39860.0
ING009,OUT005,Telur,kg,32.06,13.57,31310.0
ING010,OUT005,Minyak Goreng,liter,17.97,6.72,19950.0
ING011,OUT005,Tepung Terigu,kg,20.67,10.95,13580.0
ING012,OUT005,Gula Pasir,kg,9.63,5.79,17980.0
ING013,OUT005,Susu UHT,liter,15.85,9.18,24860.0
ING014,OUT005,Keju Mozzarella,kg,2.73,5.71,138420.0
ING015,OUT005,Mentega,kg,3.61,2.43,75480.0
ING016,OUT005,Kopi Arabika,kg,6.93,2.92,205740.0
ING017,OUT005,Teh Premium,kg,1.18,0.4,104960.0
ING018,OUT005,Sayuran Segar Mix,kg,77.0,37.91,20740.0
ING019,OUT005,Kentang,kg,27.07,9.97,15440.0
ING020,OUT005,Tomat,kg,9.41,4.56,14350.0
ING021,OUT005,Coklat Couverture,kg,1.29,1.01,162510.0
ING022,OUT005,Buah Segar Mix,kg,28.97,17.49,38490.0
ING024,OUT005,Soda Water,liter,38.09,20.84,9020.0
ING026,OUT005,Wine House,pcs,6.26,5.15,205630.0
ING027,OUT005,Es Batu Kristal,kg,22.92,18.35,4500.0
ING028,OUT005,Santan Kelapa,liter,9.29,7.83,22380.0
ING029,OUT005,Kecap Manis,liter,1.34,3.12,26980.0
ING030,OUT005,Rempah Mix,kg,7.13,4.29,80130.0
ING002,OUT006,Daging Sapi,kg,11.49,3.82,161010.0
ING003,OUT006,Daging Ayam,kg,25.52,11.04,42740.0
ING006,OUT006,Cabai Merah,kg,1.23,0.55,54290.0
ING007,OUT006,Bawang Merah,kg,2.82,1.09,35190.0
ING009,OUT006,Telur,kg,6.13,3.78,31310.0
ING010,OUT006,Minyak Goreng,liter,10.7,3.62,19950.0
ING011,OUT006,Tepung Terigu,kg,19.45,9.04,13580.0
ING012,OUT006,Gula Pasir,kg,12.76,4.3,17980.0
ING013,OUT006,Susu UHT,liter,9.04,3.64,24860.0
ING014,OUT006,Keju Mozzarella,kg,7.21,5.18,138420.0
ING015,OUT006,Mentega,kg,4.8,2.34,75480.0
ING016,OUT006,Kopi Arabika,kg,5.6,1.79,205740.0
ING017,OUT006,Teh Premium,kg,2.22,0.72,104960.0
ING018,OUT006,Sayuran Segar Mix,kg,33.09,11.31,20740.0
ING019,OUT006,Kentang,kg,21.54,14.5,15440.0
ING020,OUT006,Tomat,kg,3.6,1.94,14350.0
ING021,OUT006,Coklat Couverture,kg,1.85,0.66,162510.0
ING022,OUT006,Buah Segar Mix,kg,67.13,24.57,38490.0
ING023,OUT006,Sirup Cocktail,liter,30.65,15.1,60470.0
ING024,OUT006,Soda Water,liter,71.18,22.45,9020.0
ING025,OUT006,Bir Kaleng,pcs,38.04,16.16,30960.0
ING026,OUT006,Wine House,pcs,5.52,9.68,205630.0
ING027,OUT006,Es Batu Kristal,kg,166.7,73.41,4500.0
ING028,OUT006,Santan Kelapa,liter,27.29,10.33,22380.0
ING029,OUT006,Kecap Manis,liter,3.08,1.64,26980.0
ING030,OUT006,Rempah Mix,kg,1.67,0.55,80130.0
ING002,OUT007,Daging Sapi,kg,11.15,3.88,161010.0
ING003,OUT007,Daging Ayam,kg,22.79,11.16,42740.0
ING006,OUT007,Cabai Merah,kg,1.01,0.55,54290.0
ING007,OUT007,Bawang Merah,kg,1.31,1.09,35190.0
ING009,OUT007,Telur,kg,1.63,3.74,31310.0
ING010,OUT007,Minyak Goreng,liter,9.96,3.46,19950.0
ING011,OUT007,Tepung Terigu,kg,28.17,9.2,13580.0
ING012,OUT007,Gula Pasir,kg,10.25,4.31,17980.0
ING013,OUT007,Susu UHT,liter,11.84,3.65,24860.0
ING014,OUT007,Keju Mozzarella,kg,13.07,5.21,138420.0
ING015,OUT007,Mentega,kg,3.61,2.34,75480.0
ING016,OUT007,Kopi Arabika,kg,5.33,1.8,205740.0
ING017,OUT007,Teh Premium,kg,1.14,0.72,104960.0
ING018,OUT007,Sayuran Segar Mix,kg,15.41,11.11,20740.0
ING019,OUT007,Kentang,kg,19.78,13.84,15440.0
ING020,OUT007,Tomat,kg,4.66,1.99,14350.0
ING021,OUT007,Coklat Couverture,kg,0.93,0.66,162510.0
ING022,OUT007,Buah Segar Mix,kg,10.69,24.69,38490.0
ING023,OUT007,Sirup Cocktail,liter,44.07,15.22,60470.0
ING024,OUT007,Soda Water,liter,49.26,22.69,9020.0
ING025,OUT007,Bir Kaleng,pcs,33.61,16.38,30960.0
ING026,OUT007,Wine House,pcs,31.23,9.51,205630.0
ING027,OUT007,Es Batu Kristal,kg,57.58,74.06,4500.0
ING028,OUT007,Santan Kelapa,liter,28.88,10.48,22380.0
ING029,OUT007,Kecap Manis,liter,1.22,1.64,26980.0
ING030,OUT007,Rempah Mix,kg,1.13,0.55,80130.0
ING001,OUT008,Beras Premium,kg,10.39,3.17,16870.0
ING002,OUT008,Daging Sapi,kg,4.0,1.74,161010.0
ING003,OUT008,Daging Ayam,kg,20.83,6.61,42740.0
ING005,OUT008,Udang,kg,2.33,1.09,123940.0
ING006,OUT008,Cabai Merah,kg,1.28,0.8,54290.0
ING007,OUT008,Bawang Merah,kg,1.56,0.93,35190.0
ING008,OUT008,Bawang Putih,kg,0.32,0.18,39860.0
ING009,OUT008,Telur,kg,0.81,1.5,31310.0
ING010,OUT008,Minyak Goreng,liter,3.1,1.42,19950.0
ING011,OUT008,Tepung Terigu,kg,4.56,3.0,13580.0
ING012,OUT008,Gula Pasir,kg,1.26,0.88,17980.0
ING013,OUT008,Susu UHT,liter,4.64,1.57,24860.0
ING014,OUT008,Keju Mozzarella,kg,0.44,0.53,138420.0
ING015,OUT008,Mentega,kg,0.92,0.35,75480.0
ING016,OUT008,Kopi Arabika,kg,1.07,0.48,205740.0
ING017,OUT008,Teh Premium,kg,0.25,0.12,104960.0
ING018,OUT008,Sayuran Segar Mix,kg,0.87,1.85,20740.0
ING019,OUT008,Kentang,kg,13.73,4.22,15440.0
ING020,OUT008,Tomat,kg,0.46,0.23,14350.0
ING021,OUT008,Coklat Couverture,kg,0.93,0.36,162510.0
ING022,OUT008,Buah Segar Mix,kg,14.05,5.53,38490.0
ING024,OUT008,Soda Water,liter,9.95,3.96,9020.0
ING025,OUT008,Bir Kaleng,pcs,5.64,4.07,30960.0
ING027,OUT008,Es Batu Kristal,kg,15.76,4.99,4500.0
ING028,OUT008,Santan Kelapa,liter,2.12,1.05,22380.0
ING029,OUT008,Kecap Manis,liter,2.03,1.0,26980.0
ING030,OUT008,Rempah Mix,kg,1.33,0.46,80130.0
ING001,OUT009,Beras Premium,kg,39.78,13.28,16870.0
ING002,OUT009,Daging Sapi,kg,2.37,3.05,161010.0
ING003,OUT009,Daging Ayam,kg,64.61,22.82,42740.0
ING004,OUT009,Ikan Kakap,kg,8.66,5.51,94090.0
ING005,OUT009,Udang,kg,15.87,5.82,123940.0
ING006,OUT009,Cabai Merah,kg,15.46,5.6,54290.0
ING007,OUT009,Bawang Merah,kg,9.33,3.11,35190.0
ING008,OUT009,Bawang Putih,kg,3.67,1.18,39860.0
ING009,OUT009,Telur,kg,19.16,6.68,31310.0
ING010,OUT009,Minyak Goreng,liter,1.59,3.35,19950.0
ING011,OUT009,Tepung Terigu,kg,13.92,5.31,13580.0
ING012,OUT009,Gula Pasir,kg,6.77,2.87,17980.0
ING013,OUT009,Susu UHT,liter,13.46,4.72,24860.0
ING014,OUT009,Keju Mozzarella,kg,9.22,2.78,138420.0
ING015,OUT009,Mentega,kg,3.45,1.18,75480.0
ING016,OUT009,Kopi Arabika,kg,4.18,1.49,205740.0
ING017,OUT009,Teh Premium,kg,0.37,0.21,104960.0
ING018,OUT009,Sayuran Segar Mix,kg,62.16,18.66,20740.0
ING019,OUT009,Kentang,kg,1.75,5.68,15440.0
ING020,OUT009,Tomat,kg,4.76,2.3,14350.0
ING021,OUT009,Coklat Couverture,kg,1.1,0.59,162510.0
ING022,OUT009,Buah Segar Mix,kg,3.32,8.71,38490.0
ING024,OUT009,Soda Water,liter,19.51,10.46,9020.0
ING026,OUT009,Wine House,pcs,4.2,2.68,205630.0
ING027,OUT009,Es Batu Kristal,kg,27.91,8.99,4500.0
ING028,OUT009,Santan Kelapa,liter,6.38,4.01,22380.0
ING029,OUT009,Kecap Manis,liter,2.76,1.58,26980.0
ING030,OUT009,Rempah Mix,kg,0.95,2.15,80130.0
ING002,OUT010,Daging Sapi,kg,3.07,1.23,161010.0
ING003,OUT010,Daging Ayam,kg,5.45,2.82,42740.0
ING006,OUT010,Cabai Merah,kg,0.18,0.23,54290.0
ING007,OUT010,Bawang Merah,kg,1.26,0.46,35190.0
ING009,OUT010,Telur,kg,2.47,0.87,31310.0
ING010,OUT010,Minyak Goreng,liter,2.38,1.0,19950.0
ING011,OUT010,Tepung Terigu,kg,2.64,2.01,13580.0
ING012,OUT010,Gula Pasir,kg,1.86,0.91,17980.0
ING013,OUT010,Susu UHT,liter,0.58,1.21,24860.0
ING014,OUT010,Keju Mozzarella,kg,2.19,1.12,138420.0
ING015,OUT010,Mentega,kg,1.51,0.5,75480.0
ING016,OUT010,Kopi Arabika,kg,0.76,0.43,205740.0
ING017,OUT010,Teh Premium,kg,0.37,0.18,104960.0
ING018,OUT010,Sayuran Segar Mix,kg,7.29,2.44,20740.0
ING019,OUT010,Kentang,kg,10.57,4.0,15440.0
ING020,OUT010,Tomat,kg,1.23,0.52,14350.0
ING021,OUT010,Coklat Couverture,kg,0.52,0.37,162510.0
ING022,OUT010,Buah Segar Mix,kg,15.53,5.24,38490.0
ING023,OUT010,Sirup Cocktail,liter,7.16,3.31,60470.0
ING024,OUT010,Soda Water,liter,7.29,5.6,9020.0
ING025,OUT010,Bir Kaleng,pcs,6.8,4.18,30960.0
ING026,OUT010,Wine House,pcs,4.72,2.12,205630.0
ING027,OUT010,Es Batu Kristal,kg,38.21,15.6,4500.0
ING028,OUT010,Santan Kelapa,liter,6.32,2.83,22380.0
ING029,OUT010,Kecap Manis,liter,1.47,0.7,26980.0
ING030,OUT010,Rempah Mix,kg,0.48,0.23,80130.0
ING001,OUT011,Beras Premium,kg,6.5,2.56,16870.0
ING002,OUT011,Daging Sapi,kg,3.37,1.24,161010.0
ING003,OUT011,Daging Ayam,kg,6.59,3.72,42740.0
ING005,OUT011,Udang,kg,2.05,0.84,123940.0
ING006,OUT011,Cabai Merah,kg,0.69,0.46,54290.0
ING007,OUT011,Bawang Merah,kg,1.39,0.54,35190.0
ING008,OUT011,Bawang Putih,kg,0.21,0.13,39860.0
ING009,OUT011,Telur,kg,1.96,0.93,31310.0
ING010,OUT011,Minyak Goreng,liter,2.75,0.86,19950.0
ING011,OUT011,Tepung Terigu,kg,1.33,1.7,13580.0
ING012,OUT011,Gula Pasir,kg,0.3,0.49,17980.0
ING013,OUT011,Susu UHT,liter,2.79,1.18,24860.0
ING014,OUT011,Keju Mozzarella,kg,0.15,0.34,138420.0
ING015,OUT011,Mentega,kg,0.27,0.23,75480.0
ING016,OUT011,Kopi Arabika,kg,0.46,0.32,205740.0
ING017,OUT011,Teh Premium,kg,0.22,0.1,104960.0
ING018,OUT011,Sayuran Segar Mix,kg,0.58,1.05,20740.0
ING019,OUT011,Kentang,kg,8.35,3.35,15440.0
ING020,OUT011,Tomat,kg,0.56,0.18,14350.0
ING021,OUT011,Coklat Couverture,kg,1.01,0.33,162510.0
ING022,OUT011,Buah Segar Mix,kg,2.58,3.35,38490.0
ING024,OUT011,Soda Water,liter,5.67,2.93,9020.0
ING025,OUT011,Bir Kaleng,pcs,2.14,2.81,30960.0
ING027,OUT011,Es Batu Kristal,kg,3.75,3.02,4500.0
ING028,OUT011,Santan Kelapa,liter,1.34,0.82,22380.0
ING029,OUT011,Kecap Manis,liter,0.93,0.64,26980.0
ING030,OUT011,Rempah Mix,kg,0.33,0.28,80130.0
ING001,OUT012,Beras Premium,kg,25.95,16.06,16870.0
ING002,OUT012,Daging Sapi,kg,5.67,3.83,161010.0
ING003,OUT012,Daging Ayam,kg,80.49,27.87,42740.0
ING004,OUT012,Ikan Kakap,kg,15.75,6.66,94090.0
ING005,OUT012,Udang,kg,8.12,6.85,123940.0
ING006,OUT012,Cabai Merah,kg,21.72,6.84,54290.0
ING007,OUT012,Bawang Merah,kg,7.58,3.84,35190.0
ING008,OUT012,Bawang Putih,kg,2.44,1.43,39860.0
ING009,OUT012,Telur,kg,26.28,8.3,31310.0
ING010,OUT012,Minyak Goreng,liter,5.67,4.15,19950.0
ING011,OUT012,Tepung Terigu,kg,2.46,6.61,13580.0
ING012,OUT012,Gula Pasir,kg,8.37,3.59,17980.0
ING013,OUT012,Susu UHT,liter,16.39,5.81,24860.0
ING014,OUT012,Keju Mozzarella,kg,6.44,3.47,138420.0
ING015,OUT012,Mentega,kg,2.4,1.48,75480.0
ING016,OUT012,Kopi Arabika,kg,4.03,1.82,205740.0
ING017,OUT012,Teh Premium,kg,0.77,0.26,104960.0
ING018,OUT012,Sayuran Segar Mix,kg,34.26,23.36,20740.0
ING019,OUT012,Kentang,kg,3.33,6.76,15440.0
ING020,OUT012,Tomat,kg,6.7,2.72,14350.0
ING021,OUT012,Coklat Couverture,kg,0.86,0.67,162510.0
ING022,OUT012,Buah Segar Mix,kg,24.27,11.18,38490.0
ING024,OUT012,Soda Water,liter,18.6,13.02,9020.0
ING026,OUT012,Wine House,pcs,8.72,3.22,205630.0
ING027,OUT012,Es Batu Kristal,kg,22.75,11.41,4500.0
ING028,OUT012,Santan Kelapa,liter,11.97,4.88,22380.0
ING029,OUT012,Kecap Manis,liter,2.79,1.97,26980.0
ING030,OUT012,Rempah Mix,kg,3.64,2.63,80130.0
ING002,OUT013,Daging Sapi,kg,3.44,2.12,161010.0
ING003,OUT013,Daging Ayam,kg,16.0,5.62,42740.0
ING006,OUT013,Cabai Merah,kg,1.01,0.33,54290.0
ING007,OUT013,Bawang Merah,kg,1.76,0.66,35190.0
ING009,OUT013,Telur,kg,4.72,1.87,31310.0
ING010,OUT013,Minyak Goreng,liter,0.7,1.91,19950.0
ING011,OUT013,Tepung Terigu,kg,12.41,4.64,13580.0
ING012,OUT013,Gula Pasir,kg,4.53,2.19,17980.0
ING013,OUT013,Susu UHT,liter,1.49,2.08,24860.0
ING014,OUT013,Keju Mozzarella,kg,4.54,2.63,138420.0
ING015,OUT013,Mentega,kg,2.35,1.18,75480.0
ING016,OUT013,Kopi Arabika,kg,2.85,0.91,205740.0
ING017,OUT013,Teh Premium,kg,0.84,0.38,104960.0
ING018,OUT013,Sayuran Segar Mix,kg,16.54,5.53,20740.0
ING019,OUT013,Kentang,kg,13.96,7.62,15440.0
ING020,OUT013,Tomat,kg,2.66,1.06,14350.0
ING021,OUT013,Coklat Couverture,kg,0.83,0.45,162510.0
ING022,OUT013,Buah Segar Mix,kg,29.06,12.27,38490.0
ING023,OUT013,Sirup Cocktail,liter,12.71,7.61,60470.0
ING024,OUT013,Soda Water,liter,18.6,11.46,9020.0
ING025,OUT013,Bir Kaleng,pcs,17.35,8.23,30960.0
ING026,OUT013,Wine House,pcs,10.27,4.89,205630.0
ING027,OUT013,Es Batu Kristal,kg,56.85,37.25,4500.0
ING028,OUT013,Santan Kelapa,liter,16.19,5.35,22380.0
ING029,OUT013,Kecap Manis,liter,1.76,0.99,26980.0
ING030,OUT013,Rempah Mix,kg,0.9,0.33,80130.0
ING001,OUT014,Beras Premium,kg,6.25,2.66,16870.0
ING002,OUT014,Daging Sapi,kg,2.42,1.22,161010.0
ING003,OUT014,Daging Ayam,kg,5.36,3.7,42740.0
ING005,OUT014,Udang,kg,1.41,0.83,123940.0
ING006,OUT014,Cabai Merah,kg,1.16,0.45,54290.0
ING007,OUT014,Bawang Merah,kg,1.39,0.53,35190.0
ING008,OUT014,Bawang Putih,kg,0.23,0.12,39860.0
ING009,OUT014,Telur,kg,2.82,0.92,31310.0
ING010,OUT014,Minyak Goreng,liter,2.87,0.91,19950.0
ING011,OUT014,Tepung Terigu,kg,5.66,1.81,13580.0
ING012,OUT014,Gula Pasir,kg,1.4,0.47,17980.0
ING013,OUT014,Susu UHT,liter,2.52,1.14,24860.0
ING014,OUT014,Keju Mozzarella,kg,0.86,0.36,138420.0
ING015,OUT014,Mentega,kg,0.45,0.24,75480.0
ING016,OUT014,Kopi Arabika,kg,0.37,0.31,205740.0
ING017,OUT014,Teh Premium,kg,0.19,0.1,104960.0
ING018,OUT014,Sayuran Segar Mix,kg,1.81,1.06,20740.0
ING019,OUT014,Kentang,kg,11.39,3.53,15440.0
ING020,OUT014,Tomat,kg,0.46,0.19,14350.0
ING021,OUT014,Coklat Couverture,kg,0.68,0.33,162510.0
ING022,OUT014,Buah Segar Mix,kg,5.72,3.4,38490.0
ING024,OUT014,Soda Water,liter,5.7,3.09,9020.0
ING025,OUT014,Bir Kaleng,pcs,5.74,2.75,30960.0
ING027,OUT014,Es Batu Kristal,kg,7.53,2.99,4500.0
ING028,OUT014,Santan Kelapa,liter,1.91,0.79,22380.0
ING029,OUT014,Kecap Manis,liter,1.92,0.64,26980.0
ING030,OUT014,Rempah Mix,kg,0.07,0.27,80130.0
ING001,OUT015,Beras Premium,kg,20.12,11.81,16870.0
ING002,OUT015,Daging Sapi,kg,3.58,2.81,161010.0
ING003,OUT015,Daging Ayam,kg,15.74,20.14,42740.0
ING004,OUT015,Ikan Kakap,kg,8.21,4.9,94090.0
ING005,OUT015,Udang,kg,13.52,5.13,123940.0
ING006,OUT015,Cabai Merah,kg,14.56,4.91,54290.0
ING007,OUT015,Bawang Merah,kg,5.25,2.77,35190.0
ING008,OUT015,Bawang Putih,kg,2.53,1.03,39860.0
ING009,OUT015,Telur,kg,18.32,6.01,31310.0
ING010,OUT015,Minyak Goreng,liter,7.95,3.01,19950.0
ING011,OUT015,Tepung Terigu,kg,9.71,4.74,13580.0
ING012,OUT015,Gula Pasir,kg,4.52,2.54,17980.0
ING013,OUT015,Susu UHT,liter,9.04,4.09,24860.0
ING014,OUT015,Keju Mozzarella,kg,4.07,2.52,138420.0
ING015,OUT015,Mentega,kg,1.69,1.07,75480.0
ING016,OUT015,Kopi Arabika,kg,4.24,1.3,205740.0
ING017,OUT015,Teh Premium,kg,0.39,0.19,104960.0
ING018,OUT015,Sayuran Segar Mix,kg,55.06,16.64,20740.0
ING019,OUT015,Kentang,kg,11.06,5.17,15440.0
ING020,OUT015,Tomat,kg,5.67,2.0,14350.0
ING021,OUT015,Coklat Couverture,kg,1.54,0.56,162510.0
ING022,OUT015,Buah Segar Mix,kg,15.62,7.89,38490.0
ING024,OUT015,Soda Water,liter,24.08,9.33,9020.0
ING026,OUT015,Wine House,pcs,1.86,2.35,205630.0
ING027,OUT015,Es Batu Kristal,kg,18.24,8.01,4500.0
ING028,OUT015,Santan Kelapa,liter,6.57,3.49,22380.0
ING029,OUT015,Kecap Manis,liter,1.07,1.47,26980.0
ING030,OUT015,Rempah Mix,kg,5.54,1.89,80130.0
ING002,OUT016,Daging Sapi,kg,0.88,1.11,161010.0
ING003,OUT016,Daging Ayam,kg,7.89,2.4,42740.0
ING006,OUT016,Cabai Merah,kg,0.65,0.21,54290.0
ING007,OUT016,Bawang Merah,kg,0.72,0.41,35190.0
ING009,OUT016,Telur,kg,1.32,0.72,31310.0
ING010,OUT016,Minyak Goreng,liter,2.15,0.96,19950.0
ING011,OUT016,Tepung Terigu,kg,2.56,1.55,13580.0
ING012,OUT016,Gula Pasir,kg,1.45,0.68,17980.0
ING013,OUT016,Susu UHT,liter,0.68,1.1,24860.0
ING014,OUT016,Keju Mozzarella,kg,1.19,0.87,138420.0
ING015,OUT016,Mentega,kg,0.94,0.38,75480.0
ING016,OUT016,Kopi Arabika,kg,0.78,0.35,205740.0
ING017,OUT016,Teh Premium,kg,0.3,0.15,104960.0
ING018,OUT016,Sayuran Segar Mix,kg,6.28,2.02,20740.0
ING019,OUT016,Kentang,kg,8.01,3.83,15440.0
ING020,OUT016,Tomat,kg,1.03,0.44,14350.0
ING021,OUT016,Coklat Couverture,kg,1.04,0.33,162510.0
ING022,OUT016,Buah Segar Mix,kg,6.82,4.02,38490.0
ING023,OUT016,Sirup Cocktail,liter,4.34,2.6,60470.0
ING024,OUT016,Soda Water,liter,14.38,4.87,9020.0
ING025,OUT016,Bir Kaleng,pcs,10.16,3.22,30960.0
ING026,OUT016,Wine House,pcs,2.39,1.66,205630.0
ING027,OUT016,Es Batu Kristal,kg,28.76,11.82,4500.0
ING028,OUT016,Santan Kelapa,liter,5.2,2.53,22380.0
ING029,OUT016,Kecap Manis,liter,1.95,0.62,26980.0
ING030,OUT016,Rempah Mix,kg,0.66,0.21,80130.0
ING001,OUT017,Beras Premium,kg,4.38,2.52,16870.0
ING002,OUT017,Daging Sapi,kg,2.0,1.27,161010.0
ING003,OUT017,Daging Ayam,kg,11.91,3.91,42740.0
ING005,OUT017,Udang,kg,1.27,0.88,123940.0
ING006,OUT017,Cabai Merah,kg,0.13,0.49,54290.0
ING007,OUT017,Bawang Merah,kg,0.41,0.57,35190.0
ING008,OUT017,Bawang Putih,kg,0.37,0.13,39860.0
ING009,OUT017,Telur,kg,1.73,0.97,31310.0
ING010,OUT017,Minyak Goreng,liter,1.53,0.97,19950.0
ING011,OUT017,Tepung Terigu,kg,5.72,1.89,13580.0
ING012,OUT017,Gula Pasir,kg,1.52,0.51,17980.0
ING013,OUT017,Susu UHT,liter,0.97,1.12,24860.0
ING014,OUT017,Keju Mozzarella,kg,0.53,0.37,138420.0
ING015,OUT017,Mentega,kg,0.51,0.25,75480.0
ING016,OUT017,Kopi Arabika,kg,0.8,0.31,205740.0
ING017,OUT017,Teh Premium,kg,0.3,0.1,104960.0
ING018,OUT017,Sayuran Segar Mix,kg,2.28,1.12,20740.0
ING019,OUT017,Kentang,kg,11.19,3.61,15440.0
ING020,OUT017,Tomat,kg,0.45,0.18,14350.0
ING021,OUT017,Coklat Couverture,kg,0.77,0.33,162510.0
ING022,OUT017,Buah Segar Mix,kg,11.16,3.4,38490.0
ING024,OUT017,Soda Water,liter,2.08,3.07,9020.0
ING025,OUT017,Bir Kaleng,pcs,3.9,2.92,30960.0
ING027,OUT017,Es Batu Kristal,kg,4.83,3.15,4500.0
ING028,OUT017,Santan Kelapa,liter,1.23,0.83,22380.0
ING029,OUT017,Kecap Manis,liter,0.8,0.66,26980.0
ING030,OUT017,Rempah Mix,kg,0.62,0.29,80130.0
